transaction_id,customer_id,card_id,transaction_time,amount,merchant,merchant_category,location
T001,C001,CRD01,2026-04-30 10:10:00,500,Amazon,E-commerce,Delhi
T002,C001,CRD01,2026-04-30 10:15:00,20000,Apple Store,Electronics,Mumbai
T003,C002,CRD02,2026-04-30 11:00:00,150,Dominos,Food,Jaipur
T004,C001,CRD01,2026-04-30 10:20:00,30000,Luxury Brand,Luxury,Bangalore
T005,C003,CRD03,2026-04-30 12:30:00,100,Flipkart,E-commerce,Delhi
T0034,C002,CRD02,2026-04-30 13:17:47,116.57,Dominos,Food,Jaipur
T1177,C010,CRD10,2026-05-01 05:41:21,504.19,Max Fashion,Shopping,Ahmedabad
T1134,C006,CRD06,2026-04-28 14:54:14,876.2,Tiffany,Luxury,Chennai
T0543,C010,CRD10,2026-04-28 01:09:57,1704.36,Zara,Shopping,Delhi
T0561,C006,CRD06,2026-04-30 11:30:25,1897.71,Luxury Brand,Luxury,Chennai
T0668,C004,CRD04,2026-05-01 06:27:39,2954.52,Apple Store,Electronics,Mumbai
T0988,C006,CRD06,2026-04-27 23:11:41,115.55,Luxury Brand,Luxury,Bengaluru
T0519,C004,CRD04,2026-04-29 18:51:28,4209.11,Amazon,E-commerce,Jaipur
T1114,C004,CRD04,2026-04-28 11:18:42,3840.98,Reliance Digital,Electronics,Mumbai
T0639,C006,CRD06,2026-04-29 13:18:44,1403.35,Louis Vuitton,Luxury,Chennai
T0039,C009,CRD09,2026-04-29 19:14:43,3731.54,Luxury Brand,Luxury,Nagpur
T0566,C009,CRD09,2026-04-29 11:51:21,1135.85,PVR Cinemas,Entertainment,Delhi
T0669,C002,CRD02,2026-05-01 07:13:08,105.51,Zomato,Food,Mumbai
T0153,C002,CRD02,2026-04-29 18:09:57,417.66,MakeMyTrip,Travel,Bengaluru
T0176,C010,CRD10,2026-04-30 06:18:05,1511.7,BigBasket,Groceries,Jaipur
T1007,C006,CRD06,2026-04-29 20:11:34,1460.8,Tiffany,Luxury,Chennai
T0565,C006,CRD06,2026-04-30 17:27:00,714.65,Tiffany,Luxury,Chennai
T0656,C010,CRD10,2026-04-30 06:38:11,202.18,H&M,Shopping,Ahmedabad
T0637,C004,CRD04,2026-04-28 15:38:52,1088.25,Croma,Electronics,Mumbai
T0898,C008,CRD08,2026-04-27 20:44:07,356.5,Myntra,E-commerce,Bengaluru
T0437,C009,CRD09,2026-05-01 08:09:17,2513.03,Apple Store,Electronics,Mumbai
T0245,C005,CRD05,2026-04-29 07:59:07,522.2,DMart,Groceries,Mumbai
T0112,C003,CRD03,2026-04-30 19:35:05,9128.14,Zomato,Food,Mumbai
T0433,C006,CRD06,2026-05-01 03:53:49,1752.41,Louis Vuitton,Luxury,Chennai
T0635,C010,CRD10,2026-04-29 22:18:40,282.68,Max Fashion,Shopping,Ahmedabad
T0983,C005,CRD05,2026-04-29 19:43:15,955.64,BigBasket,Groceries,Pune
T0713,C005,CRD05,2026-04-30 05:01:16,392.71,Blinkit,Groceries,Pune
T0481,C007,CRD07,2026-04-30 15:36:23,11810.65,Reliance Digital,Electronics,Pune
T0215,C003,CRD03,2026-05-01 02:33:53,326.77,Zara,Shopping,Delhi
T1052,C007,CRD07,2026-04-28 02:53:50,459.06,Zomato,Food,Mumbai
T0742,C009,CRD09,2026-04-30 16:17:14,2767.42,Reliance Digital,Electronics,Pune
T0144,C001,CRD01,2026-04-30 14:33:05,9302.44,Zara,Shopping,Delhi
T0966,C002,CRD02,2026-04-29 15:13:59,377.94,Zomato,Food,Mumbai
T0413,C009,CRD09,2026-04-30 21:49:47,1256.39,Apple Store,Electronics,Bengaluru
T0663,C008,CRD08,2026-04-30 05:02:37,1940.95,Amazon,E-commerce,Hyderabad
T1120,C004,CRD04,2026-04-29 17:48:41,4074.9,IndianOil,Fuel,Kolkata
T0907,C005,CRD05,2026-04-30 06:10:38,631.44,DMart,Groceries,Pune
T0068,C003,CRD03,2026-04-29 05:08:37,4128.43,Medplus,Healthcare,Jaipur
T0239,C009,CRD09,2026-05-01 01:04:43,2255.69,Reliance Digital,Electronics,Bengaluru
T0902,C005,CRD05,2026-04-27 23:48:29,1309.75,DMart,Groceries,Mumbai
T0577,C010,CRD10,2026-04-29 23:30:37,655.38,Zara,Shopping,Ahmedabad
T0076,C008,CRD08,2026-04-29 04:51:41,207.13,Meesho,E-commerce,Jaipur
T0164,C009,CRD09,2026-04-29 16:47:18,2912.57,Apple Store,Electronics,Bengaluru
T0139,C004,CRD04,2026-04-30 02:13:43,1058.54,Reliance Digital,Electronics,Mumbai
T0148,C006,CRD06,2026-05-01 02:39:25,2268.84,Tiffany,Luxury,Mumbai
T1117,C009,CRD09,2026-04-29 14:35:30,5452.5,BigBasket,Groceries,Pune
T0640,C004,CRD04,2026-04-30 12:45:10,39704.74,Tiffany,Luxury,Mumbai
T0582,C002,CRD02,2026-04-29 07:21:11,8970.46,Max Fashion,Shopping,Kolkata
T0047,C009,CRD09,2026-04-30 19:09:52,2816.1,Reliance Digital,Electronics,Bengaluru
T0803,C010,CRD10,2026-04-29 18:48:41,474.57,Max Fashion,Shopping,Ahmedabad
T0866,C002,CRD02,2026-04-29 01:54:48,192.32,Dominos,Food,Jaipur
T0805,C008,CRD08,2026-04-29 08:14:59,118.89,Meesho,E-commerce,Hyderabad
T0661,C002,CRD02,2026-04-29 02:03:45,310.02,Zomato,Food,Jaipur
T0693,C004,CRD04,2026-04-30 00:24:17,1817.62,Croma,Electronics,Delhi
T0265,C006,CRD06,2026-04-28 16:20:06,1754.51,Tiffany,Luxury,Mumbai
T1132,C008,CRD08,2026-04-30 02:31:41,1795.03,Amazon,E-commerce,Hyderabad
T0992,C005,CRD05,2026-05-01 03:00:17,20932.61,Louis Vuitton,Luxury,Delhi
T0678,C010,CRD10,2026-04-30 00:00:04,4787.25,Swiggy,Food,Chennai
T1005,C003,CRD03,2026-04-29 13:40:09,226.14,Max Fashion,Shopping,Delhi
T0709,C006,CRD06,2026-05-01 07:46:08,4636.22,Swiggy,Food,Delhi
T0588,C001,CRD01,2026-04-29 23:42:17,396.13,Flipkart,E-commerce,Delhi
T0038,C001,CRD01,2026-04-28 01:59:41,2120.12,Myntra,E-commerce,Bengaluru
T0307,C010,CRD10,2026-04-30 03:46:52,637.09,H&M,Shopping,Ahmedabad
T0320,C006,CRD06,2026-04-30 01:17:00,1659.39,Louis Vuitton,Luxury,Chennai
T0804,C010,CRD10,2026-04-28 12:09:33,393.48,Zara,Shopping,Ahmedabad
T1091,C002,CRD02,2026-05-01 01:08:36,173.55,Swiggy,Food,Jaipur
T0238,C008,CRD08,2026-04-30 11:27:36,1433.6,Meesho,E-commerce,Hyderabad
T0436,C007,CRD07,2026-04-29 18:34:41,6578.9,BPCL,Fuel,Delhi
T0096,C006,CRD06,2026-04-30 03:51:40,2277.95,Louis Vuitton,Luxury,Chennai
T0774,C001,CRD01,2026-04-28 01:01:55,886.05,Meesho,E-commerce,Jaipur
T1133,C008,CRD08,2026-04-29 12:49:44,2779.54,IndianOil,Fuel,Chennai
T0243,C002,CRD02,2026-04-29 06:54:01,170.58,Swiggy,Food,Jaipur
T0969,C006,CRD06,2026-04-30 09:55:11,6132.83,DMart,Groceries,Mumbai
T1059,C007,CRD07,2026-04-27 20:17:38,518.6,McDonald's,Food,Delhi
T0452,C010,CRD10,2026-04-30 01:42:41,102.13,Zara,Shopping,Ahmedabad
T0762,C007,CRD07,2026-04-28 00:47:08,1710.01,Zomato,Food,Mumbai
T0968,C001,CRD01,2026-04-30 17:02:53,3266.96,PVR Cinemas,Entertainment,Chennai
T1061,C008,CRD08,2026-04-28 19:52:55,846.81,Amazon,E-commerce,Hyderabad
T0292,C004,CRD04,2026-04-30 03:44:00,3578.08,PVR Cinemas,Entertainment,Surat
T0297,C001,CRD01,2026-04-30 01:40:45,11912.8,Louis Vuitton,Luxury,Delhi
T0031,C001,CRD01,2026-04-28 13:21:23,8318.89,BookMyShow,Entertainment,Mumbai
T0740,C006,CRD06,2026-05-01 02:09:06,3589.89,Apple Store,Electronics,Mumbai
T0207,C003,CRD03,2026-04-28 11:32:28,11327.15,Croma,Electronics,Delhi
T0300,C007,CRD07,2026-04-30 09:52:18,227.36,McDonald's,Food,Kolkata
T0646,C006,CRD06,2026-04-29 19:53:26,1575.31,Croma,Electronics,Nagpur
T1116,C005,CRD05,2026-04-28 09:12:36,266.02,Blinkit,Groceries,Pune
T0111,C008,CRD08,2026-04-29 01:05:13,1111.9,Flipkart,E-commerce,Hyderabad
T0423,C002,CRD02,2026-04-29 21:04:18,248.74,Swiggy,Food,Jaipur
T0086,C001,CRD01,2026-04-28 05:19:25,1473.33,Flipkart,E-commerce,Mumbai
T0141,C006,CRD06,2026-04-28 04:14:56,677.73,Tiffany,Luxury,Mumbai
T0179,C006,CRD06,2026-04-29 06:47:05,2125.85,Louis Vuitton,Luxury,Chennai
T0201,C003,CRD03,2026-04-29 07:01:56,9128.1,BPCL,Fuel,Delhi
T0724,C009,CRD09,2026-04-29 15:56:41,14028.93,Louis Vuitton,Luxury,Delhi
T0445,C009,CRD09,2026-04-29 08:32:17,609.0,Apple Store,Electronics,Bengaluru
T0219,C010,CRD10,2026-04-28 18:47:15,432.34,Max Fashion,Shopping,Ahmedabad
T0943,C007,CRD07,2026-04-30 07:51:48,514.3,Zomato,Food,Kolkata
T0129,C009,CRD09,2026-04-29 12:08:52,34328.33,Reliance Digital,Electronics,Pune
T0511,C006,CRD06,2026-04-28 20:51:15,25278.82,Luxury Brand,Luxury,Bengaluru
T0730,C008,CRD08,2026-04-28 21:57:18,1902.89,Amazon,E-commerce,Delhi
T0849,C003,CRD03,2026-04-28 10:54:16,3210.52,IndianOil,Fuel,Jaipur
T1036,C001,CRD01,2026-04-27 22:41:11,2366.79,Amazon,E-commerce,Delhi
T0116,C005,CRD05,2026-04-30 15:08:07,883.63,Blinkit,Groceries,Pune
T0530,C006,CRD06,2026-04-30 10:12:18,634.16,Tiffany,Luxury,Chennai
T1006,C007,CRD07,2026-05-01 03:19:27,10487.96,Croma,Electronics,Delhi
T0683,C001,CRD01,2026-04-29 19:02:49,865.02,Myntra,E-commerce,Delhi
T0431,C007,CRD07,2026-04-30 06:03:58,88.24,Zomato,Food,Mumbai
T0747,C009,CRD09,2026-04-30 06:08:34,517.01,Apple Store,Electronics,Bengaluru
T0023,C005,CRD05,2026-04-28 05:49:46,965.49,Blinkit,Groceries,Delhi
T0535,C002,CRD02,2026-04-28 02:33:43,1715.68,Dominos,Food,Jaipur
T0372,C008,CRD08,2026-04-29 20:10:08,211.21,Myntra,E-commerce,Hyderabad
T0018,C005,CRD05,2026-04-30 14:12:37,867.02,Blinkit,Groceries,Pune
T0881,C006,CRD06,2026-04-29 09:22:41,1614.76,Tiffany,Luxury,Chennai
T0586,C003,CRD03,2026-04-28 22:55:31,1593.3,Reliance Digital,Electronics,Pune
T1046,C009,CRD09,2026-04-27 23:17:28,2192.5,Croma,Electronics,Delhi
T0467,C002,CRD02,2026-04-29 09:19:36,344.28,McDonald's,Food,Jaipur
T0697,C006,CRD06,2026-04-29 04:01:21,1956.02,Luxury Brand,Luxury,Chennai
T0357,C009,CRD09,2026-04-30 01:53:24,2190.6,Croma,Electronics,Bengaluru
T0024,C009,CRD09,2026-04-28 19:48:25,3074.93,Netflix,Entertainment,Delhi
T0014,C004,CRD04,2026-04-30 11:15:32,1021.47,Reliance Digital,Electronics,Lucknow
T0456,C009,CRD09,2026-04-30 20:31:21,2214.56,Reliance Digital,Electronics,Bengaluru
T1042,C003,CRD03,2026-04-29 22:58:19,8960.91,Croma,Electronics,Delhi
T0093,C005,CRD05,2026-05-01 03:02:14,1488.3,HPCL,Fuel,Nagpur
T0492,C005,CRD05,2026-04-28 15:51:21,833.96,DMart,Groceries,Pune
T1194,C004,CRD04,2026-04-30 22:49:07,3706.48,Croma,Electronics,Mumbai
T0278,C008,CRD08,2026-04-30 15:30:17,1873.31,Flipkart,E-commerce,Hyderabad
T1150,C008,CRD08,2026-04-29 06:06:10,4167.08,BookMyShow,Entertainment,Delhi
T0579,C005,CRD05,2026-04-28 21:55:03,898.46,BigBasket,Groceries,Pune
T0414,C003,CRD03,2026-05-01 05:11:15,297.43,Max Fashion,Shopping,Delhi
T1032,C008,CRD08,2026-04-28 23:07:46,746.24,Meesho,E-commerce,Jaipur
T0927,C007,CRD07,2026-04-28 13:54:33,237.4,Swiggy,Food,Chennai
T0302,C005,CRD05,2026-04-30 12:14:03,275.24,DMart,Groceries,Mumbai
T0746,C004,CRD04,2026-04-29 18:41:32,75.96,Apple Store,Electronics,Mumbai
T0832,C008,CRD08,2026-04-29 22:54:51,1282.93,Meesho,E-commerce,Hyderabad
T0168,C005,CRD05,2026-04-30 03:42:16,645.79,Blinkit,Groceries,Pune
T0549,C006,CRD06,2026-04-27 20:16:22,1561.29,Luxury Brand,Luxury,Bengaluru
T0712,C005,CRD05,2026-04-28 09:52:03,547.25,Blinkit,Groceries,Pune
T1023,C004,CRD04,2026-04-30 20:08:16,2540.12,Croma,Electronics,Mumbai
T0811,C001,CRD01,2026-04-28 14:14:14,1216.78,Flipkart,E-commerce,Mumbai
T0797,C001,CRD01,2026-05-01 00:25:10,1045.48,Flipkart,E-commerce,Delhi
T0806,C010,CRD10,2026-04-30 12:56:47,10887.67,Reliance Digital,Electronics,Pune
T0199,C010,CRD10,2026-04-30 05:46:29,504.51,H&M,Shopping,Ahmedabad
T0340,C003,CRD03,2026-04-29 06:54:07,9336.83,Croma,Electronics,Delhi
T0117,C003,CRD03,2026-04-27 20:20:25,1109.09,H&M,Shopping,Mumbai
T1050,C003,CRD03,2026-04-29 23:09:17,357.59,Max Fashion,Shopping,Delhi
T1065,C006,CRD06,2026-04-28 11:43:37,2165.68,Tiffany,Luxury,Chennai
T0045,C002,CRD02,2026-04-28 23:36:57,357.74,Zomato,Food,Mumbai
T0249,C010,CRD10,2026-04-28 23:47:07,383.69,Max Fashion,Shopping,Ahmedabad
T0963,C009,CRD09,2026-04-30 23:56:57,1037.24,Apple Store,Electronics,Mumbai
T0425,C005,CRD05,2026-05-01 04:04:58,146.15,Blinkit,Groceries,Pune
T1195,C007,CRD07,2026-04-27 23:56:54,1285.48,Dominos,Food,Jaipur
T0194,C002,CRD02,2026-04-29 16:35:39,352.49,Zomato,Food,Jaipur
T0649,C005,CRD05,2026-04-30 04:00:32,2700.49,HPCL,Fuel,Nagpur
T1156,C003,CRD03,2026-04-30 20:01:02,587.08,Zara,Shopping,Delhi
T0487,C010,CRD10,2026-04-28 23:40:32,7290.87,Reliance Digital,Electronics,Pune
T0332,C010,CRD10,2026-04-28 11:25:51,427.55,H&M,Shopping,Mumbai
T0186,C006,CRD06,2026-04-30 02:02:45,1001.83,Tiffany,Luxury,Chennai
T0819,C009,CRD09,2026-04-30 09:53:20,76.7,Reliance Digital,Electronics,Bengaluru
T0033,C007,CRD07,2026-04-29 14:31:43,551.92,Dominos,Food,Kolkata
T0641,C003,CRD03,2026-04-28 09:08:36,551.14,Zara,Shopping,Delhi
T0777,C010,CRD10,2026-04-30 06:04:02,5656.55,Netflix,Entertainment,Bengaluru
T0401,C004,CRD04,2026-04-28 16:38:43,3560.46,Reliance Digital,Electronics,Mumbai
T0525,C008,CRD08,2026-04-29 12:40:47,1603.97,Myntra,E-commerce,Hyderabad
T0705,C009,CRD09,2026-04-28 14:39:59,474.84,Reliance Digital,Electronics,Bengaluru
T0584,C007,CRD07,2026-04-29 10:36:44,286.05,Zomato,Food,Mumbai
T0213,C008,CRD08,2026-05-01 03:25:41,5922.44,IndianOil,Fuel,Chennai
T0645,C002,CRD02,2026-04-30 09:34:00,149.61,McDonald's,Food,Delhi
T0223,C006,CRD06,2026-04-29 09:43:47,1880.99,Louis Vuitton,Luxury,Chennai
T0166,C002,CRD02,2026-05-01 01:34:51,101.92,Dominos,Food,Jaipur
T0558,C002,CRD02,2026-04-28 21:02:54,147.69,Swiggy,Food,Jaipur
T0341,C005,CRD05,2026-04-28 14:44:35,421.32,Blinkit,Groceries,Pune
T1131,C009,CRD09,2026-04-29 21:32:56,2237.71,Reliance Digital,Electronics,Bengaluru
T0349,C008,CRD08,2026-04-28 03:55:00,1158.55,Myntra,E-commerce,Bengaluru
T1168,C005,CRD05,2026-04-29 10:00:41,534.39,BigBasket,Groceries,Pune
T0478,C005,CRD05,2026-04-28 10:20:14,4565.03,H&M,Shopping,Mumbai
T1056,C004,CRD04,2026-04-29 21:23:56,628.89,Croma,Electronics,Mumbai
T0831,C008,CRD08,2026-04-29 13:51:43,56.45,Amazon,E-commerce,Hyderabad
T0291,C006,CRD06,2026-04-30 00:03:29,1990.17,Louis Vuitton,Luxury,Delhi
T0089,C007,CRD07,2026-04-30 11:33:28,443.97,McDonald's,Food,Kolkata
T0868,C008,CRD08,2026-04-30 13:49:45,13175.89,BookMyShow,Entertainment,Mumbai
T0620,C009,CRD09,2026-04-28 11:03:43,1987.85,Reliance Digital,Electronics,Bengaluru
T0167,C003,CRD03,2026-04-30 06:10:38,402.46,H&M,Shopping,Delhi
T0094,C004,CRD04,2026-04-28 15:10:51,8762.82,DMart,Groceries,Mumbai
T0429,C003,CRD03,2026-04-29 13:35:33,105.89,Max Fashion,Shopping,Delhi
T0493,C005,CRD05,2026-05-01 05:14:46,3874.28,Luxury Brand,Luxury,Surat
T0516,C002,CRD02,2026-04-29 04:05:02,2655.61,Swiggy,Food,Mumbai
T1125,C007,CRD07,2026-05-01 00:05:13,1352.72,Tiffany,Luxury,Ahmedabad
T0846,C002,CRD02,2026-04-30 05:55:53,9097.2,Apple Store,Electronics,Mumbai
T0489,C003,CRD03,2026-04-28 08:53:11,1521.82,Blinkit,Groceries,Lucknow
T0323,C009,CRD09,2026-04-30 21:50:25,1349.04,Apple Store,Electronics,Mumbai
T1176,C002,CRD02,2026-04-29 14:25:34,10831.7,BookMyShow,Entertainment,Mumbai
T0232,C001,CRD01,2026-04-30 06:17:35,271.31,Flipkart,E-commerce,Mumbai
T0737,C010,CRD10,2026-04-30 10:37:44,7049.62,Netflix,Entertainment,Bengaluru
T0748,C006,CRD06,2026-04-30 22:11:08,2212.9,Louis Vuitton,Luxury,Chennai
T0703,C003,CRD03,2026-04-30 13:05:53,103.15,Max Fashion,Shopping,Delhi
T0660,C007,CRD07,2026-04-29 15:43:27,3698.59,HPCL,Fuel,Pune
T0416,C001,CRD01,2026-04-30 17:57:09,1392.35,Amazon,E-commerce,Delhi
T0783,C002,CRD02,2026-04-30 11:31:59,236.46,Dominos,Food,Jaipur
T0270,C009,CRD09,2026-04-29 08:06:42,3063.56,Reliance Digital,Electronics,Bengaluru
T0518,C009,CRD09,2026-04-28 05:14:09,1539.43,Reliance Digital,Electronics,Pune
T0860,C010,CRD10,2026-04-28 18:44:10,559.43,H&M,Shopping,Ahmedabad
T0974,C009,CRD09,2026-04-29 16:39:53,58495.55,Reliance Digital,Electronics,Pune
T0947,C006,CRD06,2026-04-30 19:07:50,903.84,Luxury Brand,Luxury,Chennai
T0036,C009,CRD09,2026-04-30 07:32:08,2968.06,Apple Store,Electronics,Mumbai
T0694,C007,CRD07,2026-04-28 10:48:22,556.64,Dominos,Food,Kolkata
T0659,C001,CRD01,2026-04-30 18:05:26,21209.32,Reliance Digital,Electronics,Pune
T0757,C004,CRD04,2026-05-01 08:21:39,67031.16,Tiffany,Luxury,Mumbai
T0081,C008,CRD08,2026-04-29 08:55:55,1688.99,Myntra,E-commerce,Hyderabad
T0336,C006,CRD06,2026-04-29 16:21:17,1492.58,Tiffany,Luxury,Chennai
T0083,C007,CRD07,2026-04-29 17:17:48,281.9,Swiggy,Food,Kolkata
T0605,C004,CRD04,2026-05-01 02:11:46,750.82,Apple Store,Electronics,Mumbai
T0384,C002,CRD02,2026-04-30 14:44:07,220.82,Zomato,Food,Jaipur
T1086,C009,CRD09,2026-04-29 06:04:29,2333.98,Apple Store,Electronics,Mumbai
T1084,C001,CRD01,2026-05-01 02:39:51,639.24,Meesho,E-commerce,Jaipur
T0482,C002,CRD02,2026-04-29 20:38:10,356.31,Dominos,Food,Jaipur
T0122,C009,CRD09,2026-04-29 05:41:01,3115.41,Croma,Electronics,Bengaluru
T0244,C009,CRD09,2026-04-28 21:14:31,2686.89,BookMyShow,Entertainment,Mumbai
T0449,C003,CRD03,2026-04-30 01:24:43,3394.55,Medplus,Healthcare,Pune
T0459,C002,CRD02,2026-05-01 07:53:53,278.77,Dominos,Food,Jaipur
T1064,C005,CRD05,2026-04-29 00:24:05,2273.75,BookMyShow,Entertainment,Mumbai
T0856,C010,CRD10,2026-04-29 14:58:04,123.79,H&M,Shopping,Ahmedabad
T0986,C001,CRD01,2026-04-30 23:29:03,1148.1,Flipkart,E-commerce,Delhi
T0522,C005,CRD05,2026-04-30 09:11:24,739.97,BigBasket,Groceries,Pune
T0837,C005,CRD05,2026-05-01 06:20:04,101.01,BigBasket,Groceries,Pune
T0325,C010,CRD10,2026-04-30 07:29:06,6464.41,1mg,Healthcare,Delhi
T0771,C010,CRD10,2026-04-29 08:55:50,11609.61,Reliance Digital,Electronics,Pune
T0862,C004,CRD04,2026-04-30 22:14:02,3356.11,Apple Store,Electronics,Mumbai
T0075,C004,CRD04,2026-04-29 04:47:32,3969.07,Netflix,Entertainment,Bengaluru
T0310,C007,CRD07,2026-04-29 05:47:19,164.93,Swiggy,Food,Kolkata
T0432,C002,CRD02,2026-04-30 07:21:47,340.27,Dominos,Food,Jaipur
T0891,C005,CRD05,2026-04-30 04:42:09,100.08,DMart,Groceries,Pune
T0471,C004,CRD04,2026-04-29 15:12:25,2527.54,Apple Store,Electronics,Mumbai
T0629,C005,CRD05,2026-04-28 15:25:35,897.57,DMart,Groceries,Pune
T0301,C003,CRD03,2026-04-27 20:14:02,2292.92,Zara,Shopping,Delhi
T0628,C004,CRD04,2026-04-29 00:53:43,246.67,Max Fashion,Shopping,Surat
T1017,C001,CRD01,2026-04-28 09:38:58,1396.61,Myntra,E-commerce,Delhi
T0864,C010,CRD10,2026-04-28 02:24:16,216.17,Zara,Shopping,Delhi
T1009,C001,CRD01,2026-05-01 06:47:46,867.28,Flipkart,E-commerce,Mumbai
T0906,C003,CRD03,2026-04-28 19:01:14,146.35,Max Fashion,Shopping,Delhi
T0691,C003,CRD03,2026-04-30 04:11:00,638.14,H&M,Shopping,Delhi
T0400,C010,CRD10,2026-04-30 14:09:22,581.83,Zara,Shopping,Delhi
T0728,C005,CRD05,2026-04-30 04:43:38,1924.45,Louis Vuitton,Luxury,Delhi
T1041,C005,CRD05,2026-04-28 14:31:57,655.15,DMart,Groceries,Pune
T0348,C006,CRD06,2026-04-30 10:33:59,1598.95,Swiggy,Food,Kolkata
T0428,C003,CRD03,2026-04-29 02:14:43,226.32,Max Fashion,Shopping,Delhi
T0910,C006,CRD06,2026-04-30 02:37:57,711.33,Luxury Brand,Luxury,Chennai
T1163,C004,CRD04,2026-04-29 17:21:13,1874.52,Reliance Digital,Electronics,Mumbai
T0054,C002,CRD02,2026-04-30 01:14:07,132.86,McDonald's,Food,Delhi
T0273,C008,CRD08,2026-04-29 10:06:48,1168.28,Meesho,E-commerce,Hyderabad
T1136,C008,CRD08,2026-04-29 11:43:18,197.98,Flipkart,E-commerce,Hyderabad
T0209,C010,CRD10,2026-04-28 02:47:57,1314.12,Max Fashion,Shopping,Kolkata
T0021,C008,CRD08,2026-05-01 06:50:03,1097.09,Amazon,E-commerce,Hyderabad
T0427,C002,CRD02,2026-04-30 18:28:41,349.8,Dominos,Food,Jaipur
T0250,C009,CRD09,2026-05-01 05:22:58,1478.66,Reliance Digital,Electronics,Bengaluru
T0264,C006,CRD06,2026-04-29 21:13:42,1967.01,Louis Vuitton,Luxury,Chennai
T0675,C009,CRD09,2026-04-28 17:17:54,63991.33,Tiffany,Luxury,Mumbai
T0293,C002,CRD02,2026-04-28 16:58:19,8804.17,Apollo Pharmacy,Healthcare,Chennai
T0361,C001,CRD01,2026-04-28 17:11:31,34001.5,Reliance Digital,Electronics,Pune
T1101,C009,CRD09,2026-04-29 10:49:35,925.49,Reliance Digital,Electronics,Bengaluru
T0807,C003,CRD03,2026-04-30 07:34:09,219.22,Max Fashion,Shopping,Delhi
T0374,C008,CRD08,2026-04-30 16:08:59,572.38,Amazon,E-commerce,Hyderabad
T0275,C002,CRD02,2026-04-29 16:07:50,339.78,Swiggy,Food,Jaipur
T0253,C006,CRD06,2026-04-28 17:17:32,732.0,Luxury Brand,Luxury,Chennai
T0834,C004,CRD04,2026-04-28 11:14:36,1590.91,Apple Store,Electronics,Mumbai
T0869,C007,CRD07,2026-04-30 23:25:35,86.06,Dominos,Food,Jaipur
T0989,C009,CRD09,2026-04-29 06:12:31,397.4,Zara,Shopping,Surat
T0235,C003,CRD03,2026-04-29 13:20:47,65.29,Zara,Shopping,Delhi
T0948,C007,CRD07,2026-04-30 06:35:11,74.24,McDonald's,Food,Kolkata
T0183,C004,CRD04,2026-04-28 23:21:19,523.94,Croma,Electronics,Mumbai
T0314,C010,CRD10,2026-04-30 00:44:27,17419.77,Tiffany,Luxury,Mumbai
T0827,C010,CRD10,2026-04-30 06:34:38,196.32,Max Fashion,Shopping,Kolkata
T0289,C009,CRD09,2026-04-27 23:24:24,2756.78,Reliance Digital,Electronics,Pune
T0430,C002,CRD02,2026-04-28 18:03:57,3986.0,Apple Store,Electronics,Mumbai
T0913,C002,CRD02,2026-04-28 17:28:25,176.9,Zomato,Food,Jaipur
T0855,C003,CRD03,2026-04-28 10:37:40,475.63,Zara,Shopping,Delhi
T0599,C008,CRD08,2026-04-30 03:14:06,134.13,Myntra,E-commerce,Hyderabad
T0109,C004,CRD04,2026-04-29 03:08:26,560.31,Luxury Brand,Luxury,Surat
T0731,C004,CRD04,2026-05-01 07:57:25,94532.74,Apple Store,Electronics,Mumbai
T0160,C009,CRD09,2026-04-29 00:28:08,2534.23,Croma,Electronics,Delhi
T0426,C008,CRD08,2026-04-29 13:50:30,953.53,Flipkart,E-commerce,Hyderabad
T0642,C009,CRD09,2026-04-29 07:15:15,1838.68,Croma,Electronics,Bengaluru
T0044,C005,CRD05,2026-05-01 03:52:25,958.59,BigBasket,Groceries,Pune
T0056,C007,CRD07,2026-04-30 23:04:00,11767.43,Luxury Brand,Luxury,Bengaluru
T0234,C010,CRD10,2026-04-28 19:31:14,101.51,H&M,Shopping,Ahmedabad
T0360,C009,CRD09,2026-04-29 18:45:47,261.6,Reliance Digital,Electronics,Bengaluru
T0453,C006,CRD06,2026-04-27 21:57:42,1953.4,Louis Vuitton,Luxury,Delhi
T0027,C003,CRD03,2026-05-01 04:20:39,4828.94,Netflix,Entertainment,Hyderabad
T0365,C002,CRD02,2026-04-30 18:08:02,210.14,Zomato,Food,Jaipur
T0305,C001,CRD01,2026-04-30 09:18:11,673.51,Flipkart,E-commerce,Delhi
T0715,C001,CRD01,2026-04-30 08:15:42,79.57,Meesho,E-commerce,Jaipur
T0050,C001,CRD01,2026-04-29 14:46:52,252.77,Amazon,E-commerce,Delhi
T0202,C002,CRD02,2026-04-29 11:57:36,340.14,McDonald's,Food,Jaipur
T0633,C008,CRD08,2026-04-30 15:35:34,1714.0,HPCL,Fuel,Nagpur
T0147,C003,CRD03,2026-04-29 06:02:18,514.04,Zara,Shopping,Delhi
T0408,C002,CRD02,2026-04-30 04:09:51,297.77,McDonald's,Food,Jaipur
T0196,C010,CRD10,2026-04-29 07:39:31,696.81,Dominos,Food,Hyderabad
T0609,C010,CRD10,2026-04-28 18:09:11,106.16,Zara,Shopping,Delhi
T0614,C009,CRD09,2026-05-01 07:46:43,484.92,Reliance Digital,Electronics,Bengaluru
T0751,C005,CRD05,2026-05-01 01:29:23,109.08,DMart,Groceries,Mumbai
T0446,C006,CRD06,2026-04-28 19:24:04,2039.23,Luxury Brand,Luxury,Bengaluru
T0072,C009,CRD09,2026-04-30 01:06:53,2574.46,Apple Store,Electronics,Bengaluru
T0886,C004,CRD04,2026-04-28 10:50:13,2182.47,Apple Store,Electronics,Mumbai
T1152,C009,CRD09,2026-04-28 12:41:11,2915.91,Apple Store,Electronics,Bengaluru
T0618,C004,CRD04,2026-04-30 04:37:24,2107.97,Croma,Electronics,Mumbai
T0851,C010,CRD10,2026-04-30 15:22:36,469.73,Zara,Shopping,Ahmedabad
T0889,C005,CRD05,2026-04-28 05:22:55,2212.78,Blinkit,Groceries,Delhi
T0177,C005,CRD05,2026-04-28 05:25:27,1262.27,Blinkit,Groceries,Delhi
T1049,C007,CRD07,2026-04-30 23:30:50,11113.54,Tiffany,Luxury,Mumbai
T0564,C001,CRD01,2026-04-29 09:10:42,1107.95,Flipkart,E-commerce,Mumbai
T0603,C007,CRD07,2026-04-30 18:05:33,3676.1,Zomato,Food,Jaipur
T0100,C008,CRD08,2026-04-29 02:13:49,1498.62,Flipkart,E-commerce,Hyderabad
T0498,C003,CRD03,2026-04-29 18:41:02,500.12,Max Fashion,Shopping,Kolkata
T1057,C007,CRD07,2026-04-28 13:57:27,3614.37,Tiffany,Luxury,Mumbai
T0316,C004,CRD04,2026-04-29 01:34:43,2157.92,Croma,Electronics,Mumbai
T0956,C002,CRD02,2026-04-30 21:12:26,1430.94,Blinkit,Groceries,Bengaluru
T0247,C010,CRD10,2026-04-29 20:21:43,491.35,Max Fashion,Shopping,Ahmedabad
T0602,C005,CRD05,2026-04-27 21:27:34,736.16,BigBasket,Groceries,Pune
T0114,C009,CRD09,2026-04-29 16:09:09,1951.7,Croma,Electronics,Bengaluru
T1198,C007,CRD07,2026-04-29 01:29:55,10918.87,Louis Vuitton,Luxury,Delhi
T0338,C004,CRD04,2026-05-01 04:12:55,1551.29,Reliance Digital,Electronics,Mumbai
T0726,C001,CRD01,2026-04-30 23:48:36,32368.29,Tiffany,Luxury,Mumbai
T1045,C003,CRD03,2026-04-29 12:21:36,388.99,Max Fashion,Shopping,Delhi
T0488,C007,CRD07,2026-04-30 23:04:55,117.48,Dominos,Food,Kolkata
T0030,C009,CRD09,2026-04-28 23:56:05,262.31,Reliance Digital,Electronics,Bengaluru
T0914,C008,CRD08,2026-04-30 03:50:11,4917.92,Louis Vuitton,Luxury,Delhi
T0808,C002,CRD02,2026-04-28 14:22:19,148.34,Zomato,Food,Jaipur
T1157,C008,CRD08,2026-04-30 02:15:58,1841.85,Meesho,E-commerce,Hyderabad
T1113,C010,CRD10,2026-04-29 21:00:52,347.9,H&M,Shopping,Ahmedabad
T0447,C006,CRD06,2026-04-28 00:33:13,975.12,Tiffany,Luxury,Mumbai
T0476,C008,CRD08,2026-04-29 18:14:50,1236.88,Myntra,E-commerce,Hyderabad
T0470,C010,CRD10,2026-04-30 04:47:22,4866.39,BPCL,Fuel,Jaipur
T0836,C004,CRD04,2026-05-01 07:59:53,2185.18,Croma,Electronics,Mumbai
T0161,C010,CRD10,2026-04-30 21:57:26,166.91,Max Fashion,Shopping,Ahmedabad
T0903,C008,CRD08,2026-04-30 06:26:35,14917.83,H&M,Shopping,Mumbai
T0335,C009,CRD09,2026-04-30 14:33:03,1627.5,Reliance Digital,Electronics,Bengaluru
T0344,C007,CRD07,2026-04-29 03:39:14,271.68,McDonald's,Food,Kolkata
T0389,C008,CRD08,2026-05-01 07:51:56,638.64,Flipkart,E-commerce,Mumbai
T0037,C004,CRD04,2026-04-29 19:11:53,700.32,Croma,Electronics,Delhi
T1080,C001,CRD01,2026-05-01 06:05:18,1059.9,Flipkart,E-commerce,Mumbai
T0358,C009,CRD09,2026-05-01 08:20:10,3079.44,Croma,Electronics,Bengaluru
T0766,C002,CRD02,2026-04-29 01:35:29,155.81,Zomato,Food,Jaipur
T0119,C007,CRD07,2026-04-30 00:05:30,6894.37,Tiffany,Luxury,Mumbai
T1016,C002,CRD02,2026-04-30 04:25:13,6507.82,Croma,Electronics,Delhi
T1063,C005,CRD05,2026-04-28 10:10:00,902.51,Blinkit,Groceries,Pune
T0936,C008,CRD08,2026-04-29 03:12:14,111.62,Amazon,E-commerce,Delhi
T0274,C009,CRD09,2026-05-01 07:26:39,956.04,Apple Store,Electronics,Bengaluru
T0741,C006,CRD06,2026-04-30 11:42:16,425.76,Louis Vuitton,Luxury,Chennai
T1100,C007,CRD07,2026-05-01 03:57:58,1515.37,H&M,Shopping,Hyderabad
T0911,C008,CRD08,2026-05-01 02:28:25,481.17,Flipkart,E-commerce,Hyderabad
T0052,C003,CRD03,2026-04-30 20:43:02,74.68,Zara,Shopping,Delhi
T0108,C010,CRD10,2026-04-28 00:17:38,387.78,Max Fashion,Shopping,Kolkata
T0722,C003,CRD03,2026-04-29 07:07:50,171.99,H&M,Shopping,Delhi
T0796,C006,CRD06,2026-04-28 20:02:08,668.24,McDonald's,Food,Delhi
T0733,C001,CRD01,2026-04-30 20:07:25,3050.27,IRCTC,Travel,Nagpur
T0080,C007,CRD07,2026-04-30 13:45:15,189.2,McDonald's,Food,Kolkata
T0850,C005,CRD05,2026-04-28 08:34:56,938.88,BigBasket,Groceries,Pune
T0922,C009,CRD09,2026-04-30 13:12:43,1545.35,Reliance Digital,Electronics,Pune
T1130,C008,CRD08,2026-04-28 14:22:30,806.83,Amazon,E-commerce,Hyderabad
T0502,C002,CRD02,2026-04-29 11:48:14,2491.8,Flipkart,E-commerce,Mumbai
T0420,C001,CRD01,2026-04-27 21:39:39,401.45,Meesho,E-commerce,Jaipur
T0067,C006,CRD06,2026-04-29 16:03:39,2305.61,Tiffany,Luxury,Mumbai
T1106,C009,CRD09,2026-05-01 04:45:45,57520.93,Luxury Brand,Luxury,Bengaluru
T0544,C007,CRD07,2026-04-29 19:19:04,8889.04,Louis Vuitton,Luxury,Delhi
T0330,C008,CRD08,2026-04-28 08:50:54,1307.57,Myntra,E-commerce,Bengaluru
T0328,C005,CRD05,2026-04-28 14:06:50,10065.43,Reliance Digital,Electronics,Pune
T0308,C009,CRD09,2026-04-29 05:41:44,2921.47,Reliance Digital,Electronics,Pune
T1188,C002,CRD02,2026-04-29 17:48:31,111.75,McDonald's,Food,Jaipur
T1095,C006,CRD06,2026-04-29 20:14:48,510.8,Louis Vuitton,Luxury,Chennai
T0589,C010,CRD10,2026-04-29 05:26:38,9412.19,Croma,Electronics,Delhi
T0263,C003,CRD03,2026-04-30 04:18:52,226.55,Max Fashion,Shopping,Delhi
T0402,C001,CRD01,2026-04-27 21:31:51,1159.7,Myntra,E-commerce,Bengaluru
T0585,C006,CRD06,2026-04-29 19:09:53,53642.11,Croma,Electronics,Delhi
T0540,C002,CRD02,2026-04-28 19:58:01,263.8,Swiggy,Food,Jaipur
T0704,C007,CRD07,2026-04-29 12:31:49,430.11,Dominos,Food,Kolkata
T0442,C007,CRD07,2026-04-30 21:19:37,212.18,McDonald's,Food,Kolkata
T1029,C008,CRD08,2026-04-29 05:52:51,1362.56,Myntra,E-commerce,Bengaluru
T0945,C007,CRD07,2026-05-01 01:11:06,552.74,Swiggy,Food,Kolkata
T0601,C003,CRD03,2026-04-29 13:48:14,479.5,Zara,Shopping,Delhi
T0364,C008,CRD08,2026-04-29 12:44:59,1422.33,Flipkart,E-commerce,Hyderabad
T0890,C008,CRD08,2026-04-28 16:36:09,1124.37,Amazon,E-commerce,Hyderabad
T1138,C002,CRD02,2026-04-29 10:30:25,165.23,Zomato,Food,Jaipur
T0752,C008,CRD08,2026-04-30 10:18:06,1406.87,Myntra,E-commerce,Hyderabad
T0560,C001,CRD01,2026-04-29 07:17:34,937.65,Meesho,E-commerce,Delhi
T0503,C004,CRD04,2026-05-01 08:02:38,3456.46,Croma,Electronics,Mumbai
T0686,C007,CRD07,2026-04-30 17:15:01,1089.47,Max Fashion,Shopping,Kolkata
T0995,C004,CRD04,2026-04-29 18:02:13,3981.05,Croma,Electronics,Mumbai
T1186,C009,CRD09,2026-04-29 15:51:03,656.27,Croma,Electronics,Bengaluru
T0955,C003,CRD03,2026-04-30 14:32:54,557.51,H&M,Shopping,Delhi
T0632,C004,CRD04,2026-04-29 10:27:08,10299.28,Dominos,Food,Jaipur
T0615,C002,CRD02,2026-04-29 16:53:27,6312.58,Apple Store,Electronics,Mumbai
T0048,C005,CRD05,2026-04-28 16:17:32,241.67,DMart,Groceries,Pune
T0254,C007,CRD07,2026-04-29 15:02:17,14039.4,Tiffany,Luxury,Mumbai
T0150,C004,CRD04,2026-04-30 12:34:30,1809.39,Medplus,Healthcare,Hyderabad
T0871,C004,CRD04,2026-04-28 14:46:05,95899.17,Reliance Digital,Electronics,Pune
T0767,C002,CRD02,2026-04-28 10:54:30,58.73,Dominos,Food,Jaipur
T0460,C010,CRD10,2026-04-28 19:25:02,6434.56,Luxury Brand,Luxury,Bengaluru
T0799,C009,CRD09,2026-04-30 19:27:04,1954.41,Apple Store,Electronics,Bengaluru
T0383,C003,CRD03,2026-04-29 03:47:15,518.81,H&M,Shopping,Delhi
T0894,C009,CRD09,2026-04-28 05:22:21,1171.93,Croma,Electronics,Delhi
T0475,C002,CRD02,2026-04-30 23:23:51,5372.83,Tiffany,Luxury,Mumbai
T0949,C010,CRD10,2026-04-29 01:02:54,113.47,Max Fashion,Shopping,Kolkata
T0353,C008,CRD08,2026-04-29 23:28:26,1591.91,Myntra,E-commerce,Hyderabad
T0657,C002,CRD02,2026-04-29 10:36:20,233.16,Zomato,Food,Jaipur
T0833,C002,CRD02,2026-04-30 21:47:31,151.49,Swiggy,Food,Chennai
T0356,C006,CRD06,2026-04-28 04:09:13,2265.87,Louis Vuitton,Luxury,Delhi
T1149,C004,CRD04,2026-04-28 01:46:38,1751.59,Croma,Electronics,Delhi
T1087,C005,CRD05,2026-04-28 23:43:43,14208.42,IRCTC,Travel,Jaipur
T0424,C007,CRD07,2026-04-28 17:42:55,1726.68,H&M,Shopping,Chennai
T0961,C002,CRD02,2026-04-29 13:41:58,14175.85,Croma,Electronics,Delhi
T0590,C001,CRD01,2026-04-30 21:54:55,964.27,McDonald's,Food,Ahmedabad
T0070,C010,CRD10,2026-04-28 13:41:33,10597.14,Louis Vuitton,Luxury,Delhi
T0568,C004,CRD04,2026-04-30 16:37:35,2781.22,MakeMyTrip,Travel,Pune
T1160,C007,CRD07,2026-04-28 12:05:32,2781.14,Zomato,Food,Lucknow
T0469,C005,CRD05,2026-05-01 01:45:01,520.3,Blinkit,Groceries,Pune
T0454,C006,CRD06,2026-04-29 03:21:27,1899.5,Luxury Brand,Luxury,Chennai
T0647,C003,CRD03,2026-04-30 07:06:39,9378.5,IndianOil,Fuel,Chennai
T1051,C003,CRD03,2026-05-01 00:40:47,506.75,H&M,Shopping,Delhi
T0877,C002,CRD02,2026-04-30 23:43:52,150.93,Swiggy,Food,Chennai
T0644,C008,CRD08,2026-04-29 03:05:47,13243.83,Tiffany,Luxury,Mumbai
T0262,C001,CRD01,2026-04-30 12:14:13,1434.35,Myntra,E-commerce,Delhi
T0210,C003,CRD03,2026-04-30 17:50:21,11694.15,Luxury Brand,Luxury,Bengaluru
T1070,C009,CRD09,2026-05-01 05:20:55,1693.52,Apple Store,Electronics,Mumbai
T0813,C006,CRD06,2026-04-29 03:54:18,987.05,Luxury Brand,Luxury,Chennai
T0823,C010,CRD10,2026-04-28 21:25:56,8476.68,Croma,Electronics,Delhi
T1077,C003,CRD03,2026-04-29 07:45:29,191.38,Zara,Shopping,Delhi
T1022,C003,CRD03,2026-04-29 16:35:02,11022.72,Croma,Electronics,Delhi
T0371,C006,CRD06,2026-04-28 02:46:35,1565.77,Louis Vuitton,Luxury,Delhi
T1054,C010,CRD10,2026-05-01 01:04:14,206.67,Max Fashion,Shopping,Kolkata
T0916,C002,CRD02,2026-04-30 15:03:19,315.07,Dominos,Food,Jaipur
T0655,C005,CRD05,2026-04-28 18:28:15,465.45,BigBasket,Groceries,Pune
T0812,C007,CRD07,2026-04-29 01:36:41,9566.45,Apple Store,Electronics,Mumbai
T0897,C007,CRD07,2026-04-29 14:42:56,5681.73,Apple Store,Electronics,Mumbai
T0448,C003,CRD03,2026-04-27 23:58:05,1982.62,H&M,Shopping,Mumbai
T0939,C007,CRD07,2026-04-28 16:36:02,485.72,Swiggy,Food,Kolkata
T0664,C001,CRD01,2026-04-28 15:38:57,410.86,Myntra,E-commerce,Delhi
T1144,C006,CRD06,2026-04-29 15:36:49,7024.59,DMart,Groceries,Mumbai
T1018,C010,CRD10,2026-04-29 06:40:44,13596.34,Louis Vuitton,Luxury,Delhi
T1072,C004,CRD04,2026-04-30 11:44:53,2157.5,Croma,Electronics,Mumbai
T0994,C003,CRD03,2026-05-01 03:07:34,137.69,H&M,Shopping,Delhi
T1037,C010,CRD10,2026-05-01 05:05:16,5923.05,Reliance Digital,Electronics,Pune
T0022,C005,CRD05,2026-04-29 08:48:00,6058.42,Croma,Electronics,Delhi
T0573,C002,CRD02,2026-04-29 20:31:05,148.53,Zomato,Food,Jaipur
T1153,C007,CRD07,2026-04-28 16:32:50,248.39,Swiggy,Food,Kolkata
T0933,C005,CRD05,2026-04-29 00:45:10,805.58,BigBasket,Groceries,Pune
T0479,C008,CRD08,2026-04-30 10:13:47,14626.18,Tiffany,Luxury,Mumbai
T0074,C007,CRD07,2026-04-30 00:23:58,4258.28,PVR Cinemas,Entertainment,Delhi
T0964,C010,CRD10,2026-04-30 18:48:29,6447.75,Luxury Brand,Luxury,Bengaluru
T0935,C002,CRD02,2026-04-30 08:09:41,4014.49,Tiffany,Luxury,Mumbai
T0953,C003,CRD03,2026-04-29 00:12:44,426.38,H&M,Shopping,Delhi
T0062,C004,CRD04,2026-04-30 11:02:30,3764.04,Reliance Digital,Electronics,Mumbai
T1110,C010,CRD10,2026-04-29 01:25:52,9682.92,Croma,Electronics,Delhi
T0369,C007,CRD07,2026-04-30 01:50:20,403.65,Swiggy,Food,Kolkata
T0451,C010,CRD10,2026-05-01 08:11:20,667.1,Zara,Shopping,Ahmedabad
T0847,C002,CRD02,2026-04-28 21:00:48,332.59,Zomato,Food,Jaipur
T0627,C008,CRD08,2026-05-01 01:27:59,524.26,BPCL,Fuel,Pune
T0521,C008,CRD08,2026-04-28 05:54:07,2635.01,Flipkart,E-commerce,Mumbai
T0534,C004,CRD04,2026-04-29 16:35:21,1815.92,Apple Store,Electronics,Mumbai
T0785,C006,CRD06,2026-04-30 10:26:10,854.17,Tiffany,Luxury,Chennai
T0077,C003,CRD03,2026-04-30 10:43:04,245.22,Zara,Shopping,Delhi
T0088,C002,CRD02,2026-04-28 20:06:34,6818.48,Croma,Electronics,Delhi
T0468,C009,CRD09,2026-04-29 23:29:24,792.27,Croma,Electronics,Bengaluru
T0801,C006,CRD06,2026-04-28 11:14:19,1181.6,Tiffany,Luxury,Chennai
T1190,C006,CRD06,2026-04-28 20:33:11,1068.56,Louis Vuitton,Luxury,Chennai
T0972,C002,CRD02,2026-05-01 04:13:43,10902.1,HPCL,Fuel,Pune
T0884,C003,CRD03,2026-04-28 20:08:54,4013.39,McDonald's,Food,Lucknow
T0698,C002,CRD02,2026-04-30 01:12:07,327.52,Dominos,Food,Jaipur
T0559,C005,CRD05,2026-04-30 02:18:49,903.12,DMart,Groceries,Pune
T0280,C002,CRD02,2026-04-29 01:30:57,4434.78,Flipkart,E-commerce,Hyderabad
T1083,C009,CRD09,2026-04-28 08:34:12,3112.06,Reliance Digital,Electronics,Bengaluru
T0462,C001,CRD01,2026-04-30 00:05:41,712.79,Amazon,E-commerce,Delhi
T0225,C004,CRD04,2026-04-28 22:24:02,3957.03,Croma,Electronics,Mumbai
T0192,C008,CRD08,2026-04-30 01:12:48,1273.07,Meesho,E-commerce,Jaipur
T0159,C010,CRD10,2026-04-27 20:07:22,695.1,Max Fashion,Shopping,Kolkata
T0197,C006,CRD06,2026-04-28 06:34:09,1369.5,Louis Vuitton,Luxury,Delhi
T0208,C008,CRD08,2026-04-29 02:05:02,428.33,Myntra,E-commerce,Bengaluru
T0246,C005,CRD05,2026-04-29 02:43:11,9562.82,Zara,Shopping,Delhi
T0562,C003,CRD03,2026-04-29 22:45:21,441.37,Zara,Shopping,Delhi
T1140,C003,CRD03,2026-04-27 20:57:49,2333.22,Zara,Shopping,Delhi
T0342,C001,CRD01,2026-04-30 00:32:51,69.13,Meesho,E-commerce,Jaipur
T0786,C004,CRD04,2026-04-30 09:00:40,1972.19,Reliance Digital,Electronics,Mumbai
T0670,C001,CRD01,2026-04-29 23:41:27,18964.39,Louis Vuitton,Luxury,Delhi
T0514,C002,CRD02,2026-04-28 10:09:24,793.26,Yatra,Travel,Hyderabad
T0255,C006,CRD06,2026-04-28 20:00:50,1218.82,Tiffany,Luxury,Mumbai
T0720,C001,CRD01,2026-04-28 03:14:25,2005.1,Myntra,E-commerce,Bengaluru
T1004,C007,CRD07,2026-04-29 02:38:07,484.7,Swiggy,Food,Kolkata
T0216,C010,CRD10,2026-04-28 13:58:28,537.25,Zara,Shopping,Ahmedabad
T0576,C006,CRD06,2026-04-28 05:26:41,114.59,Luxury Brand,Luxury,Bengaluru
T0466,C005,CRD05,2026-04-29 03:51:10,734.53,Blinkit,Groceries,Pune
T0269,C004,CRD04,2026-04-30 16:46:22,2837.81,Reliance Digital,Electronics,Mumbai
T0276,C005,CRD05,2026-04-28 00:13:39,793.92,Blinkit,Groceries,Delhi
T1021,C009,CRD09,2026-04-29 06:09:06,416.85,Croma,Electronics,Bengaluru
T0753,C010,CRD10,2026-04-30 01:48:51,511.4,Zara,Shopping,Ahmedabad
T1189,C004,CRD04,2026-04-30 02:10:20,1950.62,Croma,Electronics,Delhi
T0699,C003,CRD03,2026-05-01 01:28:23,227.23,Zara,Shopping,Delhi
T0057,C002,CRD02,2026-04-28 11:17:31,211.11,McDonald's,Food,Delhi
T0010,C006,CRD06,2026-04-29 11:44:11,1946.75,Tiffany,Luxury,Chennai
T0509,C009,CRD09,2026-04-28 20:53:33,1486.17,Croma,Electronics,Delhi
T1073,C006,CRD06,2026-04-28 12:10:18,474.19,Luxury Brand,Luxury,Chennai
T1170,C010,CRD10,2026-04-30 16:26:00,209.82,Zara,Shopping,Ahmedabad
T0375,C009,CRD09,2026-04-29 11:17:38,8422.12,Myntra,E-commerce,Bengaluru
T1169,C008,CRD08,2026-04-30 21:05:14,2331.14,Croma,Electronics,Pune
T0630,C008,CRD08,2026-04-29 00:20:29,1382.06,Flipkart,E-commerce,Mumbai
T1192,C005,CRD05,2026-04-28 19:46:16,328.32,DMart,Groceries,Pune
T0598,C006,CRD06,2026-04-30 19:31:28,2511.28,Yatra,Travel,Mumbai
T0187,C006,CRD06,2026-05-01 04:43:34,257.11,Louis Vuitton,Luxury,Delhi
T0839,C009,CRD09,2026-04-30 02:41:50,1590.02,Apple Store,Electronics,Bengaluru
T0174,C006,CRD06,2026-04-29 20:41:43,304.31,Tiffany,Luxury,Chennai
T0241,C001,CRD01,2026-04-30 01:42:05,183.63,Flipkart,E-commerce,Delhi
T0321,C005,CRD05,2026-04-29 19:57:31,9028.21,Tiffany,Luxury,Mumbai
T1173,C002,CRD02,2026-04-29 07:54:10,5462.98,Reliance Digital,Electronics,Pune
T1185,C001,CRD01,2026-04-30 08:08:40,13154.23,Blinkit,Groceries,Delhi
T0035,C008,CRD08,2026-04-28 21:41:55,1729.63,Amazon,E-commerce,Hyderabad
T0921,C002,CRD02,2026-04-30 15:30:25,3788.3,Croma,Electronics,Delhi
T0815,C008,CRD08,2026-04-29 22:38:30,925.2,Meesho,E-commerce,Jaipur
T0042,C010,CRD10,2026-04-30 03:27:24,428.7,H&M,Shopping,Ahmedabad
T0738,C009,CRD09,2026-04-30 17:01:51,1352.71,Reliance Digital,Electronics,Bengaluru
T0228,C007,CRD07,2026-04-28 22:11:34,314.83,Zomato,Food,Mumbai
T0790,C008,CRD08,2026-04-29 12:41:11,1760.98,Flipkart,E-commerce,Hyderabad
T0008,C004,CRD04,2026-04-30 10:55:57,4085.27,IndianOil,Fuel,Chennai
T0224,C008,CRD08,2026-04-28 05:30:59,207.25,Myntra,E-commerce,Bengaluru
T0277,C001,CRD01,2026-04-29 22:54:19,1785.41,Amazon,E-commerce,Hyderabad
T0721,C002,CRD02,2026-04-29 22:13:09,4302.71,Croma,Electronics,Delhi
T1000,C002,CRD02,2026-04-30 02:37:08,78.37,Zomato,Food,Jaipur
T0858,C010,CRD10,2026-05-01 00:16:07,309.51,Max Fashion,Shopping,Ahmedabad
T1027,C010,CRD10,2026-04-28 06:46:16,2206.01,H&M,Shopping,Mumbai
T0755,C003,CRD03,2026-04-29 20:31:06,4441.59,HPCL,Fuel,Bengaluru
T1047,C006,CRD06,2026-04-28 08:52:05,13846.53,1mg,Healthcare,Delhi
T0842,C010,CRD10,2026-04-29 00:44:04,15455.53,Tiffany,Luxury,Mumbai
T0121,C004,CRD04,2026-04-30 05:21:26,854.06,Croma,Electronics,Delhi
T0388,C001,CRD01,2026-04-30 05:58:34,1379.36,Amazon,E-commerce,Delhi
T0617,C001,CRD01,2026-04-30 19:47:26,11922.41,Luxury Brand,Luxury,Bengaluru
T0658,C003,CRD03,2026-04-29 17:47:40,331.47,H&M,Shopping,Mumbai
T0513,C001,CRD01,2026-04-30 06:55:45,124.34,Amazon,E-commerce,Delhi
T0689,C009,CRD09,2026-04-28 16:16:25,2263.03,Croma,Electronics,Bengaluru
T1098,C010,CRD10,2026-05-01 00:12:46,12791.17,BigBasket,Groceries,Pune
T1164,C006,CRD06,2026-04-30 22:01:58,20160.72,Croma,Electronics,Delhi
T0532,C003,CRD03,2026-04-29 18:19:14,340.07,Zara,Shopping,Delhi
T0142,C007,CRD07,2026-04-28 16:05:20,4790.15,IRCTC,Travel,Jaipur
T0381,C002,CRD02,2026-04-30 14:27:22,353.47,Dominos,Food,Jaipur
T0688,C009,CRD09,2026-04-28 22:36:31,613.53,Reliance Digital,Electronics,Bengaluru
T0631,C004,CRD04,2026-04-28 23:09:48,850.93,Croma,Electronics,Mumbai
T0798,C007,CRD07,2026-05-01 01:04:54,3107.06,IndianOil,Fuel,Chennai
T0542,C007,CRD07,2026-04-30 06:19:12,279.76,Dominos,Food,Jaipur
T1089,C008,CRD08,2026-04-28 05:31:44,1865.48,Amazon,E-commerce,Delhi
T0465,C005,CRD05,2026-04-29 23:22:00,455.66,DMart,Groceries,Pune
T0049,C006,CRD06,2026-04-30 05:56:26,2184.17,Tiffany,Luxury,Chennai
T0901,C010,CRD10,2026-04-30 00:45:19,153.2,Zara,Shopping,Delhi
T0930,C006,CRD06,2026-04-30 21:11:19,1754.22,Luxury Brand,Luxury,Bengaluru
T0788,C002,CRD02,2026-04-30 10:00:12,275.75,Swiggy,Food,Jaipur
T0553,C001,CRD01,2026-04-29 06:03:34,691.9,Meesho,E-commerce,Ahmedabad
T0677,C009,CRD09,2026-04-28 21:51:23,1521.56,H&M,Shopping,Ahmedabad
T0013,C004,CRD04,2026-04-29 11:51:48,5867.62,MakeMyTrip,Travel,Delhi
T1118,C008,CRD08,2026-05-01 07:20:38,4822.71,Max Fashion,Shopping,Nagpur
T1122,C002,CRD02,2026-04-29 16:23:10,60.39,Zomato,Food,Jaipur
T0867,C004,CRD04,2026-04-29 05:58:53,1254.1,Apple Store,Electronics,Mumbai
T0946,C007,CRD07,2026-04-29 07:19:42,394.31,Swiggy,Food,Kolkata
T0551,C009,CRD09,2026-04-30 21:51:20,1249.74,Reliance Digital,Electronics,Bengaluru
T0844,C004,CRD04,2026-04-30 03:03:11,35592.76,Croma,Electronics,Delhi
T1094,C004,CRD04,2026-04-30 04:29:55,3921.47,Reliance Digital,Electronics,Mumbai
T1200,C010,CRD10,2026-04-30 07:52:27,481.75,Zara,Shopping,Delhi
T0145,C006,CRD06,2026-04-28 21:58:05,1650.01,Louis Vuitton,Luxury,Delhi
T0526,C002,CRD02,2026-04-30 13:12:15,256.76,Dominos,Food,Jaipur
T0440,C009,CRD09,2026-04-30 02:16:59,809.63,Apple Store,Electronics,Bengaluru
T0638,C005,CRD05,2026-04-30 04:31:42,431.37,DMart,Groceries,Pune
T0510,C009,CRD09,2026-04-29 09:16:09,2889.36,Apple Store,Electronics,Bengaluru
T1181,C004,CRD04,2026-04-30 15:10:23,53089.27,Apple Store,Electronics,Mumbai
T1105,C006,CRD06,2026-04-29 02:17:57,12413.69,MakeMyTrip,Travel,Delhi
T0064,C002,CRD02,2026-04-29 05:57:05,3546.6,Yatra,Travel,Hyderabad
T0175,C009,CRD09,2026-04-30 15:30:41,3119.82,Croma,Electronics,Delhi
T0101,C003,CRD03,2026-04-30 13:28:32,359.54,Max Fashion,Shopping,Kolkata
T0251,C001,CRD01,2026-04-29 14:24:42,534.5,Meesho,E-commerce,Delhi
T0084,C006,CRD06,2026-04-29 12:06:42,52570.99,Tiffany,Luxury,Mumbai
T0087,C002,CRD02,2026-04-29 00:25:52,262.54,Zomato,Food,Jaipur
T0098,C008,CRD08,2026-04-28 09:32:43,647.1,Myntra,E-commerce,Hyderabad
T0991,C009,CRD09,2026-04-29 03:04:59,3116.12,Apple Store,Electronics,Bengaluru
T0838,C001,CRD01,2026-04-28 23:56:08,1398.81,Myntra,E-commerce,Bengaluru
T0784,C007,CRD07,2026-04-29 01:26:13,245.75,McDonald's,Food,Delhi
T0934,C008,CRD08,2026-05-01 06:23:59,3185.44,Zara,Shopping,Pune
T0318,C008,CRD08,2026-04-29 07:16:47,14214.33,Tiffany,Luxury,Mumbai
T0240,C003,CRD03,2026-04-29 20:45:01,13484.48,Apple Store,Electronics,Mumbai
T0539,C004,CRD04,2026-04-29 10:15:03,1526.87,Croma,Electronics,Mumbai
T0444,C008,CRD08,2026-04-28 20:40:29,476.68,Amazon,E-commerce,Hyderabad
T0288,C001,CRD01,2026-04-29 10:08:18,297.56,Amazon,E-commerce,Delhi
T1069,C003,CRD03,2026-04-30 02:01:50,794.15,Blinkit,Groceries,Lucknow
T0954,C010,CRD10,2026-05-01 02:17:07,5781.98,Flipkart,E-commerce,Mumbai
T0485,C006,CRD06,2026-04-29 17:02:40,858.99,Louis Vuitton,Luxury,Chennai
T0368,C003,CRD03,2026-04-29 01:17:49,351.39,H&M,Shopping,Delhi
T0455,C001,CRD01,2026-04-29 15:59:16,637.0,Myntra,E-commerce,Delhi
T0193,C003,CRD03,2026-04-29 18:26:03,257.65,H&M,Shopping,Delhi
T1193,C005,CRD05,2026-04-30 03:42:22,228.1,BigBasket,Groceries,Pune
T0434,C008,CRD08,2026-04-30 09:22:50,586.21,Flipkart,E-commerce,Mumbai
T1139,C005,CRD05,2026-04-30 16:14:07,16872.61,Reliance Digital,Electronics,Pune
T0385,C010,CRD10,2026-04-30 16:30:20,475.34,Max Fashion,Shopping,Kolkata
T0060,C002,CRD02,2026-04-29 03:25:42,9150.28,Amazon,E-commerce,Delhi
T0279,C008,CRD08,2026-04-28 22:39:58,1820.48,Meesho,E-commerce,Hyderabad
T0587,C001,CRD01,2026-04-30 06:21:14,3585.03,IndianOil,Fuel,Chennai
T0634,C010,CRD10,2026-04-29 20:09:14,6269.25,Medplus,Healthcare,Hyderabad
T1012,C009,CRD09,2026-04-29 14:42:06,2610.4,Reliance Digital,Electronics,Bengaluru
T0990,C003,CRD03,2026-04-29 21:15:32,237.22,H&M,Shopping,Delhi
T0165,C009,CRD09,2026-04-30 06:20:16,1392.76,Croma,Electronics,Delhi
T0531,C006,CRD06,2026-04-30 06:20:45,255.9,Netflix,Entertainment,Delhi
T0973,C002,CRD02,2026-04-30 10:49:30,9230.68,Yatra,Travel,Mumbai
T0271,C008,CRD08,2026-04-29 09:01:34,7520.61,Max Fashion,Shopping,Kolkata
T1040,C004,CRD04,2026-04-29 14:45:02,1920.97,Apple Store,Electronics,Mumbai
T0494,C001,CRD01,2026-04-30 18:24:37,14197.89,Louis Vuitton,Luxury,Delhi
T0418,C010,CRD10,2026-04-29 11:02:45,416.19,Zara,Shopping,Ahmedabad
T0967,C006,CRD06,2026-04-29 10:47:39,1473.66,Louis Vuitton,Luxury,Delhi
T1111,C007,CRD07,2026-04-30 04:56:45,7999.59,Myntra,E-commerce,Bengaluru
T0359,C002,CRD02,2026-04-30 12:56:34,11871.91,Yatra,Travel,Mumbai
T0754,C005,CRD05,2026-04-30 21:19:02,372.01,Blinkit,Groceries,Delhi
T0404,C005,CRD05,2026-05-01 03:15:57,698.49,Blinkit,Groceries,Pune
T0331,C006,CRD06,2026-04-30 21:53:20,589.95,Louis Vuitton,Luxury,Delhi
T0180,C003,CRD03,2026-04-30 05:12:08,300.17,H&M,Shopping,Delhi
T0055,C003,CRD03,2026-04-28 06:43:38,2781.01,Max Fashion,Shopping,Kolkata
T0707,C004,CRD04,2026-04-29 03:37:33,403.9,Reliance Digital,Electronics,Pune
T0283,C009,CRD09,2026-05-01 00:10:30,657.36,Reliance Digital,Electronics,Bengaluru
T0570,C001,CRD01,2026-04-28 12:44:42,402.85,Amazon,E-commerce,Delhi
T0294,C003,CRD03,2026-04-30 21:59:29,394.06,Max Fashion,Shopping,Delhi
T0780,C008,CRD08,2026-05-01 04:22:53,814.55,Meesho,E-commerce,Jaipur
T0363,C007,CRD07,2026-04-28 22:07:38,4438.87,MakeMyTrip,Travel,Nagpur
T0547,C003,CRD03,2026-04-30 04:19:41,463.88,Max Fashion,Shopping,Delhi
T0103,C009,CRD09,2026-04-28 11:20:12,447.78,Croma,Electronics,Bengaluru
T0507,C001,CRD01,2026-04-30 12:37:23,873.1,Meesho,E-commerce,Jaipur
T0608,C001,CRD01,2026-04-29 15:44:35,4062.18,Yatra,Travel,Nagpur
T0319,C004,CRD04,2026-04-28 09:46:03,36430.86,Tiffany,Luxury,Mumbai
T0545,C003,CRD03,2026-04-30 07:59:25,276.95,H&M,Shopping,Delhi
T0185,C006,CRD06,2026-04-30 22:05:16,232.98,Luxury Brand,Luxury,Chennai
T0952,C010,CRD10,2026-04-30 08:56:19,395.87,Zara,Shopping,Ahmedabad
T0113,C010,CRD10,2026-04-28 03:39:17,2833.76,H&M,Shopping,Mumbai
T0393,C002,CRD02,2026-04-28 06:13:15,359.06,Swiggy,Food,Chennai
T0985,C005,CRD05,2026-04-29 16:43:36,466.93,Blinkit,Groceries,Pune
T1196,C001,CRD01,2026-04-28 05:12:50,2875.58,Myntra,E-commerce,Bengaluru
T0106,C001,CRD01,2026-04-30 18:43:13,1234.89,Flipkart,E-commerce,Delhi
T0016,C001,CRD01,2026-04-28 10:39:05,1465.36,Meesho,E-commerce,Delhi
T0792,C002,CRD02,2026-04-30 04:34:03,71.84,McDonald's,Food,Delhi
T0237,C004,CRD04,2026-04-28 04:47:52,2573.2,Apple Store,Electronics,Mumbai
T1020,C004,CRD04,2026-04-28 23:45:01,12710.3,DMart,Groceries,Mumbai
T0285,C005,CRD05,2026-04-30 14:43:06,802.56,Blinkit,Groceries,Delhi
T0937,C007,CRD07,2026-04-28 17:02:59,7165.02,HPCL,Fuel,Pune
T0377,C005,CRD05,2026-04-30 19:17:11,265.62,BigBasket,Groceries,Pune
T0817,C007,CRD07,2026-04-30 07:14:16,1425.65,DMart,Groceries,Mumbai
T0343,C007,CRD07,2026-04-28 15:03:29,136.49,McDonald's,Food,Kolkata
T0073,C009,CRD09,2026-04-28 02:07:54,2686.86,Reliance Digital,Electronics,Pune
T0422,C004,CRD04,2026-04-29 22:10:18,14631.04,Yatra,Travel,Mumbai
T0893,C008,CRD08,2026-05-01 05:29:21,3095.22,Tiffany,Luxury,Chennai
T0118,C006,CRD06,2026-04-28 15:42:13,727.31,Tiffany,Luxury,Chennai
T1119,C010,CRD10,2026-04-29 07:46:07,666.37,Zara,Shopping,Ahmedabad
T0734,C009,CRD09,2026-04-30 10:44:18,4169.65,Croma,Electronics,Ahmedabad
T0282,C005,CRD05,2026-04-28 09:16:40,4626.14,Croma,Electronics,Delhi
T0085,C008,CRD08,2026-04-29 23:12:31,1320.92,Amazon,E-commerce,Delhi
T0259,C010,CRD10,2026-04-29 10:24:10,562.15,H&M,Shopping,Ahmedabad
T1191,C003,CRD03,2026-04-30 17:09:58,14248.51,Tiffany,Luxury,Mumbai
T0032,C010,CRD10,2026-04-29 02:00:35,114.94,H&M,Shopping,Ahmedabad
T0394,C002,CRD02,2026-04-29 10:46:59,313.61,Swiggy,Food,Chennai
T0782,C006,CRD06,2026-04-30 21:12:31,349.38,Tiffany,Luxury,Chennai
T0978,C005,CRD05,2026-04-29 14:02:02,854.75,DMart,Groceries,Mumbai
T0163,C003,CRD03,2026-04-29 22:39:45,13336.2,Tiffany,Luxury,Mumbai
T1179,C002,CRD02,2026-04-30 04:26:19,309.63,Swiggy,Food,Jaipur
T1104,C006,CRD06,2026-04-30 05:10:18,106.46,Tiffany,Luxury,Chennai
T0625,C009,CRD09,2026-05-01 05:02:38,2611.41,Croma,Electronics,Delhi
T0529,C006,CRD06,2026-04-30 23:05:00,1377.78,Louis Vuitton,Luxury,Chennai
T0583,C010,CRD10,2026-04-30 18:36:25,576.39,Zara,Shopping,Ahmedabad
T1162,C006,CRD06,2026-04-28 16:24:23,437.37,Tiffany,Luxury,Chennai
T0203,C009,CRD09,2026-04-30 08:48:45,617.83,Apple Store,Electronics,Bengaluru
T0667,C008,CRD08,2026-05-01 00:46:17,287.83,Myntra,E-commerce,Bengaluru
T0654,C001,CRD01,2026-04-29 10:39:53,1399.89,Myntra,E-commerce,Delhi
T1161,C002,CRD02,2026-04-30 12:14:46,781.91,HPCL,Fuel,Surat
T0650,C008,CRD08,2026-04-28 21:15:31,1883.85,Flipkart,E-commerce,Hyderabad
T0078,C008,CRD08,2026-04-28 23:19:55,1542.91,Amazon,E-commerce,Delhi
T0214,C007,CRD07,2026-04-27 20:45:39,2395.0,Zomato,Food,Mumbai
T1159,C010,CRD10,2026-04-29 17:56:31,12176.31,Reliance Digital,Electronics,Pune
T0152,C006,CRD06,2026-04-29 00:51:45,1483.69,Louis Vuitton,Luxury,Chennai
T1154,C004,CRD04,2026-04-28 23:16:23,677.19,Reliance Digital,Electronics,Mumbai
T0266,C001,CRD01,2026-04-29 03:48:55,954.46,Flipkart,E-commerce,Delhi
T1126,C006,CRD06,2026-05-01 04:37:28,768.77,IRCTC,Travel,Mumbai
T0473,C009,CRD09,2026-04-29 04:23:09,2012.63,Apple Store,Electronics,Mumbai
T0415,C006,CRD06,2026-05-01 02:16:46,330.59,Luxury Brand,Luxury,Chennai
T0980,C008,CRD08,2026-04-30 10:39:29,1220.77,Myntra,E-commerce,Hyderabad
T0814,C005,CRD05,2026-05-01 05:16:00,692.1,BigBasket,Groceries,Pune
T0396,C008,CRD08,2026-04-29 00:07:32,912.65,Myntra,E-commerce,Hyderabad
T0272,C004,CRD04,2026-04-29 05:49:19,2776.45,Croma,Electronics,Mumbai
T1066,C007,CRD07,2026-04-30 12:28:40,285.08,McDonald's,Food,Kolkata
T0569,C007,CRD07,2026-05-01 04:27:26,3640.97,Dominos,Food,Ahmedabad
T0082,C003,CRD03,2026-04-28 00:29:21,178.6,Max Fashion,Shopping,Kolkata
T0909,C006,CRD06,2026-04-30 20:15:43,10438.93,H&M,Shopping,Mumbai
T0643,C007,CRD07,2026-04-28 19:59:30,371.23,Zomato,Food,Kolkata
T0744,C008,CRD08,2026-04-28 21:57:44,1542.52,Flipkart,E-commerce,Hyderabad
T1099,C001,CRD01,2026-04-28 04:13:04,105.67,Myntra,E-commerce,Bengaluru
T0373,C001,CRD01,2026-04-28 23:54:58,18660.11,Reliance Digital,Electronics,Pune
T0611,C007,CRD07,2026-04-30 09:51:35,2245.14,Zara,Shopping,Jaipur
T0227,C006,CRD06,2026-04-30 18:01:05,2152.4,Tiffany,Luxury,Chennai
T0571,C005,CRD05,2026-04-29 16:54:18,662.7,DMart,Groceries,Pune
T0987,C010,CRD10,2026-04-28 14:54:39,365.52,H&M,Shopping,Mumbai
T0143,C005,CRD05,2026-04-30 20:11:02,674.08,BigBasket,Groceries,Pune
T0944,C002,CRD02,2026-04-28 16:24:31,1041.98,Medplus,Healthcare,Hyderabad
T0918,C001,CRD01,2026-04-30 08:52:04,368.37,Amazon,E-commerce,Delhi
T0151,C007,CRD07,2026-04-29 23:07:22,469.43,Zomato,Food,Kolkata
T1019,C007,CRD07,2026-04-28 14:26:35,12067.67,Apple Store,Electronics,Mumbai
T0043,C006,CRD06,2026-04-28 04:22:28,479.55,Tiffany,Luxury,Mumbai
T0248,C010,CRD10,2026-05-01 02:34:14,685.53,Zara,Shopping,Ahmedabad
T0051,C005,CRD05,2026-04-29 16:34:10,118.47,Blinkit,Groceries,Pune
T0684,C010,CRD10,2026-04-29 11:01:23,667.09,Zara,Shopping,Ahmedabad
T1034,C004,CRD04,2026-04-29 00:24:26,3091.87,Croma,Electronics,Delhi
T0870,C006,CRD06,2026-04-29 06:09:33,1324.72,Louis Vuitton,Luxury,Delhi
T0528,C003,CRD03,2026-04-29 20:05:07,204.35,H&M,Shopping,Delhi
T0761,C003,CRD03,2026-04-30 06:07:25,322.86,Max Fashion,Shopping,Kolkata
T0626,C010,CRD10,2026-04-29 16:17:21,557.51,H&M,Shopping,Mumbai
T0366,C005,CRD05,2026-04-29 19:54:54,2084.21,Medplus,Healthcare,Nagpur
T0541,C004,CRD04,2026-04-30 21:34:57,475.67,Apple Store,Electronics,Mumbai
T1011,C005,CRD05,2026-04-29 21:58:21,13800.88,Amazon,E-commerce,Delhi
T0508,C001,CRD01,2026-04-30 05:22:31,693.0,H&M,Shopping,Bengaluru
T1008,C002,CRD02,2026-04-30 19:02:40,5695.13,Louis Vuitton,Luxury,Delhi
T1171,C002,CRD02,2026-04-28 10:01:04,72.11,McDonald's,Food,Jaipur
T0809,C005,CRD05,2026-04-28 16:13:51,649.83,Blinkit,Groceries,Pune
T0552,C001,CRD01,2026-04-28 23:12:24,1402.69,Zomato,Food,Lucknow
T1096,C007,CRD07,2026-04-29 04:30:39,386.52,McDonald's,Food,Kolkata
T0306,C004,CRD04,2026-04-30 15:07:59,1192.59,Apple Store,Electronics,Mumbai
T0763,C001,CRD01,2026-04-30 10:13:17,281.42,Meesho,E-commerce,Delhi
T0053,C006,CRD06,2026-04-30 18:14:16,10389.97,MakeMyTrip,Travel,Delhi
T0313,C004,CRD04,2026-04-29 11:47:59,793.25,Apple Store,Electronics,Mumbai
T0260,C005,CRD05,2026-04-30 05:31:31,6211.6,Dominos,Food,Jaipur
T0006,C002,CRD02,2026-04-29 04:02:15,362.26,Dominos,Food,Jaipur
T0679,C005,CRD05,2026-04-29 17:31:17,218.84,Blinkit,Groceries,Pune
T1079,C006,CRD06,2026-04-29 13:48:35,2197.28,Tiffany,Luxury,Chennai
T1141,C005,CRD05,2026-04-30 16:48:31,9984.32,Myntra,E-commerce,Bengaluru
T0563,C006,CRD06,2026-04-29 00:32:20,1369.14,Louis Vuitton,Luxury,Chennai
T1158,C006,CRD06,2026-04-30 11:33:44,1395.85,Apollo Pharmacy,Healthcare,Hyderabad
T0905,C008,CRD08,2026-04-27 22:56:14,2551.31,Amazon,E-commerce,Delhi
T0524,C010,CRD10,2026-04-30 13:10:43,318.52,H&M,Shopping,Ahmedabad
T0865,C008,CRD08,2026-04-29 20:45:45,42864.37,Tiffany,Luxury,Mumbai
T0092,C006,CRD06,2026-04-30 20:25:09,4834.27,MakeMyTrip,Travel,Surat
T0958,C008,CRD08,2026-05-01 07:50:04,581.79,Amazon,E-commerce,Hyderabad
T0268,C001,CRD01,2026-04-30 10:38:16,284.72,Myntra,E-commerce,Delhi
T0581,C010,CRD10,2026-04-29 07:57:58,241.04,Max Fashion,Shopping,Ahmedabad
T1026,C001,CRD01,2026-04-29 06:48:45,231.26,Myntra,E-commerce,Bengaluru
T0171,C003,CRD03,2026-04-29 18:14:43,663.51,Apple Store,Electronics,Hyderabad
T0857,C004,CRD04,2026-04-30 14:02:16,340.44,Croma,Electronics,Delhi
T0217,C009,CRD09,2026-04-30 16:08:22,1372.45,Apple Store,Electronics,Bengaluru
T0594,C005,CRD05,2026-04-29 03:32:07,9978.29,Swiggy,Food,Chennai
T1137,C002,CRD02,2026-04-29 20:42:18,374.31,Dominos,Food,Jaipur
T0046,C006,CRD06,2026-04-29 16:07:42,2370.0,Tiffany,Luxury,Chennai
T1129,C006,CRD06,2026-04-30 05:37:10,2325.7,Luxury Brand,Luxury,Bengaluru
T0327,C002,CRD02,2026-04-29 22:00:32,12320.61,Medplus,Healthcare,Hyderabad
T1030,C006,CRD06,2026-04-30 18:29:06,46081.39,Croma,Electronics,Delhi
T0574,C008,CRD08,2026-04-30 19:13:04,315.94,Flipkart,E-commerce,Hyderabad
T0011,C008,CRD08,2026-05-01 06:27:56,1256.11,Meesho,E-commerce,Jaipur
T0190,C006,CRD06,2026-05-01 05:41:23,394.14,Luxury Brand,Luxury,Chennai
T0717,C002,CRD02,2026-04-29 20:32:23,372.79,Dominos,Food,Jaipur
T0957,C010,CRD10,2026-04-29 01:19:26,604.24,Zara,Shopping,Ahmedabad
T1033,C003,CRD03,2026-04-30 22:24:54,117.24,Zara,Shopping,Delhi
T0845,C007,CRD07,2026-04-29 10:48:33,70.76,McDonald's,Food,Delhi
T0818,C010,CRD10,2026-04-30 16:27:15,566.23,Max Fashion,Shopping,Ahmedabad
T0218,C010,CRD10,2026-04-28 16:56:25,473.41,Max Fashion,Shopping,Ahmedabad
T0133,C003,CRD03,2026-04-30 07:17:43,206.36,H&M,Shopping,Mumbai
T0673,C008,CRD08,2026-04-28 19:58:38,638.73,Luxury Brand,Luxury,Ahmedabad
T1121,C007,CRD07,2026-04-28 21:16:19,65.31,Dominos,Food,Kolkata
T1043,C007,CRD07,2026-05-01 05:05:47,6917.39,MakeMyTrip,Travel,Delhi
T0604,C006,CRD06,2026-04-28 02:50:22,414.85,Luxury Brand,Luxury,Bengaluru
T1148,C006,CRD06,2026-04-30 18:30:56,2353.4,Louis Vuitton,Luxury,Delhi
T1166,C008,CRD08,2026-04-30 19:57:24,1233.63,Flipkart,E-commerce,Mumbai
T0887,C003,CRD03,2026-04-28 16:46:15,609.2,H&M,Shopping,Mumbai
T0548,C006,CRD06,2026-05-01 04:01:37,3629.05,Luxury Brand,Luxury,Nagpur
T0555,C005,CRD05,2026-04-28 11:47:21,4836.0,IRCTC,Travel,Kolkata
T0575,C007,CRD07,2026-04-30 21:28:21,10611.53,Croma,Electronics,Delhi
T0925,C006,CRD06,2026-04-30 00:08:53,2046.95,H&M,Shopping,Mumbai
T0026,C010,CRD10,2026-04-28 06:14:19,2320.92,Max Fashion,Shopping,Kolkata
T0895,C006,CRD06,2026-04-29 09:09:31,1760.46,Louis Vuitton,Luxury,Chennai
T0421,C009,CRD09,2026-04-27 23:10:18,227.31,Apple Store,Electronics,Mumbai
T0195,C002,CRD02,2026-04-29 21:00:08,2358.72,Netflix,Entertainment,Delhi
T1180,C009,CRD09,2026-05-01 07:23:49,440.78,Reliance Digital,Electronics,Pune
T0736,C001,CRD01,2026-04-29 16:35:11,704.82,Meesho,E-commerce,Delhi
T1197,C006,CRD06,2026-04-29 19:55:13,955.53,Louis Vuitton,Luxury,Chennai
T0339,C010,CRD10,2026-04-29 01:48:44,526.82,H&M,Shopping,Ahmedabad
T0107,C010,CRD10,2026-04-30 05:21:07,346.62,H&M,Shopping,Ahmedabad
T0134,C010,CRD10,2026-04-30 07:41:38,3208.64,PVR Cinemas,Entertainment,Chennai
T0591,C010,CRD10,2026-04-27 22:56:52,217.22,H&M,Shopping,Mumbai
T0311,C003,CRD03,2026-05-01 02:27:06,10359.9,Louis Vuitton,Luxury,Delhi
T0917,C001,CRD01,2026-04-28 11:04:11,1458.22,Amazon,E-commerce,Delhi
T0959,C001,CRD01,2026-04-30 18:33:52,115.46,Flipkart,E-commerce,Delhi
T0666,C001,CRD01,2026-04-30 20:53:10,160.65,Meesho,E-commerce,Jaipur
T0501,C008,CRD08,2026-04-30 06:18:14,429.36,Amazon,E-commerce,Hyderabad
T0399,C010,CRD10,2026-05-01 03:48:13,187.65,Max Fashion,Shopping,Kolkata
T1068,C007,CRD07,2026-04-29 13:02:08,379.42,Swiggy,Food,Kolkata
T0976,C002,CRD02,2026-04-29 22:00:35,290.01,McDonald's,Food,Delhi
T0102,C005,CRD05,2026-04-28 03:01:49,141.03,DMart,Groceries,Mumbai
T0824,C002,CRD02,2026-05-01 02:43:51,3895.43,IRCTC,Travel,Lucknow
T0716,C007,CRD07,2026-04-29 12:09:43,354.52,Zomato,Food,Kolkata
T0951,C005,CRD05,2026-04-29 06:18:10,416.09,DMart,Groceries,Pune
T0497,C008,CRD08,2026-04-30 08:54:47,13209.17,Louis Vuitton,Luxury,Delhi
T0996,C008,CRD08,2026-04-29 10:25:45,269.36,Myntra,E-commerce,Hyderabad
T1015,C008,CRD08,2026-04-29 17:15:02,20415.06,Luxury Brand,Luxury,Bengaluru
T1142,C003,CRD03,2026-04-29 01:09:55,3888.99,Tiffany,Luxury,Mumbai
T0029,C008,CRD08,2026-04-29 16:45:39,805.0,Zomato,Food,Mumbai
T0929,C007,CRD07,2026-04-30 02:37:59,547.36,McDonald's,Food,Kolkata
T0527,C010,CRD10,2026-04-28 21:27:51,4340.36,Max Fashion,Shopping,Delhi
T0690,C007,CRD07,2026-04-28 20:12:11,5393.94,IndianOil,Fuel,Chennai
T0662,C005,CRD05,2026-04-30 21:38:10,464.36,DMart,Groceries,Pune
T1115,C006,CRD06,2026-05-01 00:33:18,1467.82,Luxury Brand,Luxury,Chennai
T0130,C007,CRD07,2026-04-30 15:52:41,463.82,Swiggy,Food,Kolkata
T0090,C010,CRD10,2026-04-30 17:56:32,11692.06,Croma,Electronics,Delhi
T0125,C005,CRD05,2026-04-29 04:34:41,551.65,DMart,Groceries,Pune
T0128,C010,CRD10,2026-04-30 08:26:05,281.23,H&M,Shopping,Ahmedabad
T0017,C010,CRD10,2026-04-29 07:20:55,7153.35,IndianOil,Fuel,Chennai
T1014,C003,CRD03,2026-04-28 11:42:27,9014.52,DMart,Groceries,Mumbai
T0461,C009,CRD09,2026-04-30 12:50:11,34252.9,Tiffany,Luxury,Mumbai
T1078,C010,CRD10,2026-04-29 20:18:12,230.42,H&M,Shopping,Mumbai
T0653,C007,CRD07,2026-04-29 02:07:13,477.64,McDonald's,Food,Kolkata
T0287,C001,CRD01,2026-04-29 01:45:44,1170.47,Meesho,E-commerce,Delhi
T0397,C004,CRD04,2026-04-28 16:02:07,1438.57,Reliance Digital,Electronics,Mumbai
T1147,C005,CRD05,2026-04-28 10:30:25,916.9,BigBasket,Groceries,Pune
T0480,C008,CRD08,2026-04-29 07:52:35,29064.37,Apple Store,Electronics,Mumbai
T0802,C002,CRD02,2026-04-30 13:33:59,77.38,Zomato,Food,Jaipur
T1024,C007,CRD07,2026-04-28 00:26:44,207.35,Zomato,Food,Mumbai
T0680,C001,CRD01,2026-04-29 10:52:03,3359.79,Max Fashion,Shopping,Jaipur
T0692,C006,CRD06,2026-04-30 06:28:22,1373.39,Tiffany,Luxury,Chennai
T1199,C001,CRD01,2026-04-30 06:44:28,1420.58,IndianOil,Fuel,Bengaluru
T0714,C009,CRD09,2026-04-28 20:33:58,217.22,Reliance Digital,Electronics,Bengaluru
T0924,C009,CRD09,2026-04-28 16:27:36,478.12,Croma,Electronics,Bengaluru
T1088,C005,CRD05,2026-04-27 23:42:53,1090.73,DMart,Groceries,Mumbai
T0769,C005,CRD05,2026-04-28 19:14:08,19042.27,Apple Store,Electronics,Mumbai
T1048,C007,CRD07,2026-04-28 23:20:49,502.71,Swiggy,Food,Kolkata
T0182,C010,CRD10,2026-04-30 08:04:14,86.7,H&M,Shopping,Mumbai
T0616,C006,CRD06,2026-04-30 04:56:20,32509.67,Apple Store,Electronics,Mumbai
T0710,C004,CRD04,2026-04-29 11:43:40,265.43,Apple Store,Electronics,Mumbai
T0315,C001,CRD01,2026-04-28 22:28:01,1128.22,Myntra,E-commerce,Bengaluru
T0506,C002,CRD02,2026-04-29 15:41:02,184.16,Swiggy,Food,Chennai
T0412,C008,CRD08,2026-04-28 20:11:11,3811.86,Dominos,Food,Jaipur
T0252,C006,CRD06,2026-04-30 22:23:41,40274.3,Louis Vuitton,Luxury,Delhi
T0127,C007,CRD07,2026-04-30 17:00:48,202.26,Dominos,Food,Kolkata
T1085,C006,CRD06,2026-04-29 00:12:37,2840.54,Zara,Shopping,Delhi
T0256,C002,CRD02,2026-04-28 00:34:59,246.57,Dominos,Food,Jaipur
T0419,C004,CRD04,2026-05-01 03:09:11,3366.32,Reliance Digital,Electronics,Mumbai
T1109,C007,CRD07,2026-04-30 09:22:07,254.86,Zomato,Food,Mumbai
T0648,C007,CRD07,2026-04-28 13:18:33,5094.73,DMart,Groceries,Mumbai
T0158,C007,CRD07,2026-05-01 06:37:31,158.17,Swiggy,Food,Kolkata
T0450,C003,CRD03,2026-04-30 13:08:59,609.78,Zara,Shopping,Delhi
T0613,C007,CRD07,2026-04-29 14:35:43,7387.24,Luxury Brand,Luxury,Bengaluru
T0352,C005,CRD05,2026-04-30 08:10:52,951.54,DMart,Groceries,Pune
T0671,C006,CRD06,2026-04-30 22:24:07,6795.34,Blinkit,Groceries,Delhi
T1044,C001,CRD01,2026-04-29 21:19:01,4913.34,H&M,Shopping,Hyderabad
T1151,C010,CRD10,2026-04-28 21:31:28,206.14,H&M,Shopping,Ahmedabad
T0926,C008,CRD08,2026-04-29 07:21:20,1594.83,Louis Vuitton,Luxury,Kolkata
T0923,C010,CRD10,2026-04-30 08:35:48,334.14,H&M,Shopping,Mumbai
T0491,C010,CRD10,2026-04-28 15:54:41,447.83,H&M,Shopping,Ahmedabad
T0370,C003,CRD03,2026-04-29 19:23:26,415.45,H&M,Shopping,Mumbai
T0104,C008,CRD08,2026-04-28 09:11:29,409.51,Myntra,E-commerce,Hyderabad
T0063,C004,CRD04,2026-04-28 13:45:15,2670.38,Croma,Electronics,Mumbai
T0178,C003,CRD03,2026-05-01 06:04:00,9037.99,Croma,Electronics,Delhi
T1058,C002,CRD02,2026-04-29 22:31:00,254.51,Swiggy,Food,Chennai
T0443,C006,CRD06,2026-04-28 10:46:13,12632.1,McDonald's,Food,Delhi
T0940,C009,CRD09,2026-04-29 03:35:14,2464.38,Reliance Digital,Electronics,Bengaluru
T0157,C004,CRD04,2026-04-28 15:52:35,5700.77,1mg,Healthcare,Delhi
T0810,C006,CRD06,2026-04-29 03:32:51,50971.74,Luxury Brand,Luxury,Bengaluru
T1146,C006,CRD06,2026-04-29 14:54:30,1672.72,Tiffany,Luxury,Mumbai
T0110,C001,CRD01,2026-04-30 10:08:22,1145.78,Amazon,E-commerce,Delhi
T0595,C006,CRD06,2026-05-01 00:44:53,2182.02,Tiffany,Luxury,Chennai
T0749,C001,CRD01,2026-05-01 07:43:39,1121.85,Meesho,E-commerce,Delhi
T0376,C007,CRD07,2026-04-30 20:34:09,66.44,Zomato,Food,Mumbai
T1010,C009,CRD09,2026-04-29 17:48:40,3150.19,Croma,Electronics,Bengaluru
T1082,C003,CRD03,2026-05-01 07:46:47,617.2,Max Fashion,Shopping,Kolkata
T0758,C004,CRD04,2026-04-28 22:47:23,2051.42,Apple Store,Electronics,Mumbai
T0206,C010,CRD10,2026-04-29 11:17:36,592.06,Max Fashion,Shopping,Kolkata
T0772,C005,CRD05,2026-04-30 15:17:38,225.22,BigBasket,Groceries,Pune
T0829,C005,CRD05,2026-04-28 09:52:12,17962.91,Apple Store,Electronics,Mumbai
T1145,C009,CRD09,2026-04-28 18:55:23,80.5,Croma,Electronics,Delhi
T0220,C003,CRD03,2026-04-28 14:32:55,3974.78,Netflix,Entertainment,Surat
T0977,C006,CRD06,2026-04-30 23:01:48,1992.91,Luxury Brand,Luxury,Chennai
T0942,C001,CRD01,2026-04-30 05:24:45,39758.37,Tiffany,Luxury,Mumbai
T0500,C005,CRD05,2026-05-01 00:14:25,824.6,Blinkit,Groceries,Pune
T0718,C005,CRD05,2026-04-29 12:29:30,373.39,DMart,Groceries,Pune
T0458,C002,CRD02,2026-05-01 00:06:37,364.34,Dominos,Food,Jaipur
T0146,C003,CRD03,2026-05-01 01:43:44,2981.95,DMart,Groceries,Mumbai
T0597,C003,CRD03,2026-04-29 01:06:14,160.27,H&M,Shopping,Delhi
T0173,C006,CRD06,2026-05-01 04:13:35,9205.95,Meesho,E-commerce,Jaipur
T0676,C001,CRD01,2026-04-29 09:55:33,2883.32,Myntra,E-commerce,Ahmedabad
T0474,C009,CRD09,2026-04-28 16:15:13,53761.03,Apple Store,Electronics,Mumbai
T0317,C006,CRD06,2026-04-29 10:50:10,2356.1,Tiffany,Luxury,Chennai
T0732,C008,CRD08,2026-04-29 19:37:28,6699.56,BookMyShow,Entertainment,Mumbai
T0876,C008,CRD08,2026-04-29 22:02:46,767.88,Meesho,E-commerce,Hyderabad
T0061,C006,CRD06,2026-04-29 07:13:37,55477.71,Croma,Electronics,Delhi
T0830,C005,CRD05,2026-04-29 08:10:28,905.32,BigBasket,Groceries,Pune
T0600,C010,CRD10,2026-04-28 18:14:02,161.45,Max Fashion,Shopping,Ahmedabad
T0816,C006,CRD06,2026-04-27 20:54:18,1126.1,Louis Vuitton,Luxury,Delhi
T0776,C001,CRD01,2026-04-30 08:44:32,657.47,Amazon,E-commerce,Delhi
T0337,C010,CRD10,2026-04-30 15:43:25,351.87,H&M,Shopping,Mumbai
T0140,C001,CRD01,2026-04-29 17:48:36,1571.0,Apollo Pharmacy,Healthcare,Chennai
T0105,C001,CRD01,2026-04-30 22:10:30,164.83,Amazon,E-commerce,Delhi
T0409,C001,CRD01,2026-05-01 05:10:34,246.74,Meesho,E-commerce,Delhi
T0912,C004,CRD04,2026-04-30 00:58:16,59536.85,Croma,Electronics,Delhi
T1123,C004,CRD04,2026-04-29 00:02:36,2240.29,Apple Store,Electronics,Mumbai
T1155,C010,CRD10,2026-04-27 23:28:00,684.94,H&M,Shopping,Mumbai
T0205,C002,CRD02,2026-04-29 23:39:44,356.74,Dominos,Food,Jaipur
T1076,C001,CRD01,2026-04-29 07:27:00,673.97,Meesho,E-commerce,Hyderabad
T0899,C007,CRD07,2026-04-29 03:52:21,3825.17,IndianOil,Fuel,Nagpur
T0295,C002,CRD02,2026-04-29 16:07:58,6523.66,Louis Vuitton,Luxury,Delhi
T0920,C006,CRD06,2026-04-30 22:23:57,1390.05,Louis Vuitton,Luxury,Chennai
T0546,C010,CRD10,2026-04-30 15:10:52,7066.26,Yatra,Travel,Mumbai
T0079,C007,CRD07,2026-05-01 04:12:26,536.25,Swiggy,Food,Chennai
T0904,C002,CRD02,2026-04-29 10:33:24,269.8,Swiggy,Food,Chennai
T0406,C009,CRD09,2026-04-28 03:24:20,1939.45,Reliance Digital,Electronics,Pune
T1107,C010,CRD10,2026-05-01 07:07:59,617.95,H&M,Shopping,Ahmedabad
T0362,C004,CRD04,2026-04-30 00:05:50,965.83,Croma,Electronics,Delhi
T0490,C007,CRD07,2026-04-29 17:16:21,8049.25,Max Fashion,Shopping,Kolkata
T0700,C010,CRD10,2026-04-30 17:08:56,597.48,H&M,Shopping,Ahmedabad
T1124,C003,CRD03,2026-04-28 20:57:37,449.7,Zara,Shopping,Delhi
T0351,C004,CRD04,2026-04-29 05:42:37,599.76,Croma,Electronics,Mumbai
T1090,C001,CRD01,2026-04-30 08:52:40,8302.91,PVR Cinemas,Entertainment,Delhi
T0567,C004,CRD04,2026-04-28 14:01:53,2526.39,Reliance Digital,Electronics,Mumbai
T0028,C009,CRD09,2026-04-30 10:25:32,58992.68,Louis Vuitton,Luxury,Delhi
T1143,C010,CRD10,2026-04-30 15:19:47,15190.85,Tiffany,Luxury,Mumbai
T0932,C010,CRD10,2026-04-28 05:22:43,413.31,H&M,Shopping,Mumbai
T0681,C009,CRD09,2026-04-28 22:23:45,36987.75,Reliance Digital,Electronics,Pune
T0840,C001,CRD01,2026-05-01 02:08:05,1030.63,Flipkart,E-commerce,Delhi
T0312,C007,CRD07,2026-04-28 23:19:29,97.16,Swiggy,Food,Chennai
T0407,C002,CRD02,2026-04-29 16:24:11,373.62,Dominos,Food,Jaipur
T0750,C010,CRD10,2026-04-30 00:58:23,74.01,Max Fashion,Shopping,Ahmedabad
T0505,C008,CRD08,2026-04-30 14:58:57,1538.96,Flipkart,E-commerce,Hyderabad
T0883,C005,CRD05,2026-04-29 11:05:26,308.79,BigBasket,Groceries,Pune
T1053,C002,CRD02,2026-04-30 01:13:24,331.89,Zomato,Food,Mumbai
T0800,C010,CRD10,2026-04-30 13:23:04,415.93,H&M,Shopping,Ahmedabad
T0892,C004,CRD04,2026-04-29 00:59:28,380.18,Croma,Electronics,Mumbai
T0059,C002,CRD02,2026-04-28 02:36:12,2823.79,Zomato,Food,Mumbai
T0759,C006,CRD06,2026-04-28 16:33:07,40601.47,Louis Vuitton,Luxury,Delhi
T0723,C003,CRD03,2026-04-30 09:28:00,466.03,Zara,Shopping,Delhi
T0236,C003,CRD03,2026-04-29 12:26:54,465.38,H&M,Shopping,Mumbai
T0938,C001,CRD01,2026-04-30 08:17:58,258.46,Flipkart,E-commerce,Delhi
T0756,C004,CRD04,2026-05-01 06:30:30,4024.32,Myntra,E-commerce,Lucknow
T0950,C006,CRD06,2026-04-30 01:20:28,1919.78,Tiffany,Luxury,Chennai
T0221,C009,CRD09,2026-04-29 12:36:47,1225.9,Reliance Digital,Electronics,Bengaluru
T0739,C008,CRD08,2026-04-29 17:37:39,225.85,Flipkart,E-commerce,Mumbai
T0960,C008,CRD08,2026-04-28 12:56:05,23674.22,Louis Vuitton,Luxury,Delhi
T0162,C001,CRD01,2026-04-29 10:37:51,461.32,Meesho,E-commerce,Delhi
T0347,C006,CRD06,2026-04-29 15:53:10,369.89,Louis Vuitton,Luxury,Delhi
T0835,C002,CRD02,2026-04-29 09:57:56,871.73,IndianOil,Fuel,Pune
T1135,C010,CRD10,2026-04-29 21:14:25,324.0,H&M,Shopping,Ahmedabad
T0391,C007,CRD07,2026-04-30 13:04:30,3577.75,IRCTC,Travel,Mumbai
T0727,C005,CRD05,2026-04-28 21:40:03,606.9,BigBasket,Groceries,Pune
T0304,C010,CRD10,2026-04-30 23:39:04,5862.11,Apple Store,Electronics,Mumbai
T0512,C003,CRD03,2026-04-28 10:06:49,433.82,Zara,Shopping,Delhi
T0226,C009,CRD09,2026-04-28 11:19:24,2509.65,Croma,Electronics,Bengaluru
T0854,C006,CRD06,2026-05-01 00:34:10,4639.33,Reliance Digital,Electronics,Delhi
T0652,C007,CRD07,2026-05-01 07:49:02,525.11,McDonald's,Food,Kolkata
T0495,C001,CRD01,2026-05-01 08:06:01,3736.31,Yatra,Travel,Hyderabad
T0593,C007,CRD07,2026-04-29 16:46:05,543.91,Zomato,Food,Kolkata
T0729,C008,CRD08,2026-04-30 21:26:04,805.55,Meesho,E-commerce,Hyderabad
T0874,C008,CRD08,2026-04-30 15:05:34,41033.22,Reliance Digital,Electronics,Pune
T0286,C009,CRD09,2026-04-29 12:57:46,2997.85,Apple Store,Electronics,Bengaluru
T0132,C010,CRD10,2026-04-28 16:08:02,356.14,Zara,Shopping,Ahmedabad
T1182,C005,CRD05,2026-04-29 11:44:15,594.25,BigBasket,Groceries,Pune
T0520,C008,CRD08,2026-04-28 15:01:13,1306.46,Amazon,E-commerce,Delhi
T0322,C006,CRD06,2026-04-30 12:22:56,2299.51,Louis Vuitton,Luxury,Delhi
T0997,C003,CRD03,2026-04-28 15:39:33,492.46,Zara,Shopping,Delhi
T0619,C010,CRD10,2026-04-30 15:53:39,185.14,H&M,Shopping,Ahmedabad
T0041,C002,CRD02,2026-04-28 13:00:43,2238.36,DMart,Groceries,Mumbai
T0725,C003,CRD03,2026-04-30 00:53:49,568.99,Zara,Shopping,Delhi
T0853,C008,CRD08,2026-04-30 08:17:03,897.61,Meesho,E-commerce,Hyderabad
T0826,C001,CRD01,2026-04-30 18:42:45,1489.31,Amazon,E-commerce,Delhi
T0875,C006,CRD06,2026-04-29 03:58:26,926.11,Tiffany,Luxury,Chennai
T1038,C002,CRD02,2026-05-01 01:46:13,6902.01,Max Fashion,Shopping,Kolkata
T0770,C008,CRD08,2026-04-30 22:22:58,1389.75,Meesho,E-commerce,Jaipur
T0155,C009,CRD09,2026-04-30 13:36:32,2676.13,Croma,Electronics,Bengaluru
T0296,C010,CRD10,2026-04-29 18:08:47,220.49,Max Fashion,Shopping,Ahmedabad
T0621,C001,CRD01,2026-04-30 07:19:45,597.35,Meesho,E-commerce,Jaipur
T0156,C010,CRD10,2026-05-01 04:33:18,347.95,H&M,Shopping,Ahmedabad
T0472,C010,CRD10,2026-05-01 02:33:31,422.76,Zara,Shopping,Ahmedabad
T0702,C007,CRD07,2026-04-29 22:05:54,405.86,McDonald's,Food,Kolkata
T0517,C010,CRD10,2026-04-28 16:19:03,571.23,Zara,Shopping,Ahmedabad
T0230,C002,CRD02,2026-04-30 07:54:38,205.37,Swiggy,Food,Jaipur
T0863,C005,CRD05,2026-04-29 15:44:41,577.31,BigBasket,Groceries,Pune
T0309,C007,CRD07,2026-04-28 11:45:13,212.55,Swiggy,Food,Chennai
T0971,C003,CRD03,2026-04-30 06:24:17,4473.53,BPCL,Fuel,Delhi
T0841,C005,CRD05,2026-04-28 15:39:28,2155.61,Apple Store,Electronics,Mumbai
T0154,C001,CRD01,2026-04-29 19:34:23,625.07,Flipkart,E-commerce,Delhi
T0329,C002,CRD02,2026-04-30 22:35:32,2010.41,Croma,Electronics,Hyderabad
T0477,C007,CRD07,2026-05-01 00:24:41,292.36,McDonald's,Food,Kolkata
T0878,C002,CRD02,2026-04-29 04:36:13,121.49,Swiggy,Food,Jaipur
T0557,C006,CRD06,2026-04-29 23:59:34,35196.67,Croma,Electronics,Delhi
T0015,C004,CRD04,2026-04-29 12:18:54,2754.23,Reliance Digital,Electronics,Mumbai
T0410,C005,CRD05,2026-04-28 17:27:01,10895.65,Tiffany,Luxury,Mumbai
T0115,C001,CRD01,2026-05-01 06:09:22,1092.04,Amazon,E-commerce,Delhi
T0233,C010,CRD10,2026-04-29 15:40:58,1938.32,Louis Vuitton,Luxury,Chennai
T1003,C001,CRD01,2026-04-29 05:13:24,38557.01,Reliance Digital,Electronics,Pune
T0622,C007,CRD07,2026-04-28 22:26:07,330.29,Dominos,Food,Jaipur
T0685,C008,CRD08,2026-04-27 23:58:18,1718.26,Meesho,E-commerce,Jaipur
T0538,C010,CRD10,2026-04-30 11:59:42,558.74,H&M,Shopping,Ahmedabad
T0135,C008,CRD08,2026-04-28 10:39:20,11328.11,Zara,Shopping,Delhi
T1183,C008,CRD08,2026-04-29 07:57:16,42191.74,Reliance Digital,Electronics,Pune
T1062,C002,CRD02,2026-04-29 05:24:10,396.86,Dominos,Food,Jaipur
T0701,C007,CRD07,2026-04-27 22:46:31,1938.27,Dominos,Food,Jaipur
T1108,C002,CRD02,2026-04-28 13:19:18,7080.54,Croma,Electronics,Delhi
T0379,C004,CRD04,2026-04-30 18:35:52,65407.64,Louis Vuitton,Luxury,Delhi
T0795,C007,CRD07,2026-04-30 08:12:04,480.1,McDonald's,Food,Kolkata
T0333,C001,CRD01,2026-04-30 21:15:03,1154.7,Flipkart,E-commerce,Mumbai
T1055,C005,CRD05,2026-04-30 17:15:53,393.68,Blinkit,Groceries,Pune
T0403,C003,CRD03,2026-05-01 05:32:18,4810.39,Reliance Digital,Electronics,Pune
T0873,C009,CRD09,2026-04-30 01:11:41,2790.24,Zomato,Food,Pune
T0200,C005,CRD05,2026-04-30 22:17:23,580.29,BigBasket,Groceries,Pune
T0554,C009,CRD09,2026-04-30 14:02:37,11872.45,Blinkit,Groceries,Delhi
T0610,C010,CRD10,2026-04-29 13:37:21,8036.55,Amazon,E-commerce,Delhi
T0069,C004,CRD04,2026-04-29 00:22:35,4922.89,Amazon,E-commerce,Pune
T0324,C004,CRD04,2026-04-28 19:05:58,2490.45,Croma,Electronics,Mumbai
T0007,C002,CRD02,2026-04-28 10:22:31,59.29,McDonald's,Food,Jaipur
T1093,C004,CRD04,2026-04-28 23:58:46,2851.33,Croma,Electronics,Mumbai
T1167,C003,CRD03,2026-04-29 22:54:52,56.61,Zara,Shopping,Delhi
T0395,C003,CRD03,2026-04-30 08:49:46,3320.1,Apollo Pharmacy,Healthcare,Nagpur
T0982,C008,CRD08,2026-04-29 19:49:28,14217.76,BigBasket,Groceries,Pune
T0326,C001,CRD01,2026-04-29 04:04:53,1460.15,Myntra,E-commerce,Bengaluru
T0879,C001,CRD01,2026-05-01 06:23:32,701.2,Flipkart,E-commerce,Delhi
T0136,C007,CRD07,2026-04-28 05:53:39,2112.6,McDonald's,Food,Delhi
T0382,C003,CRD03,2026-04-28 17:42:58,2084.96,Zara,Shopping,Lucknow
T0592,C008,CRD08,2026-04-29 03:16:03,1593.35,Flipkart,E-commerce,Hyderabad
T1028,C008,CRD08,2026-04-29 00:57:18,1714.23,Meesho,E-commerce,Jaipur
T0970,C007,CRD07,2026-04-27 20:42:01,962.53,McDonald's,Food,Delhi
T0768,C008,CRD08,2026-04-28 19:27:35,13171.25,Netflix,Entertainment,Bengaluru
T0198,C008,CRD08,2026-04-30 04:17:44,1560.21,Meesho,E-commerce,Hyderabad
T0965,C003,CRD03,2026-04-29 04:12:18,364.75,Max Fashion,Shopping,Delhi
T0612,C010,CRD10,2026-04-30 22:01:06,714.51,H&M,Shopping,Ahmedabad
T0764,C001,CRD01,2026-04-29 11:35:55,653.83,Flipkart,E-commerce,Delhi
T0354,C006,CRD06,2026-04-30 19:07:47,3356.49,Apple Store,Electronics,Bengaluru
T0097,C002,CRD02,2026-04-29 13:51:34,276.07,McDonald's,Food,Jaipur
T0120,C007,CRD07,2026-04-30 19:24:23,6492.09,Medplus,Healthcare,Hyderabad
T0095,C007,CRD07,2026-04-29 19:55:35,456.89,Swiggy,Food,Kolkata
T0303,C006,CRD06,2026-04-28 22:31:00,1601.46,Luxury Brand,Luxury,Chennai
T0124,C004,CRD04,2026-04-27 23:52:30,1545.29,Apple Store,Electronics,Mumbai
T0536,C001,CRD01,2026-04-30 17:40:10,8653.82,Max Fashion,Shopping,Kolkata
T0463,C005,CRD05,2026-04-30 05:30:35,3500.82,Apple Store,Electronics,Mumbai
T0483,C004,CRD04,2026-04-29 02:26:50,3387.09,IRCTC,Travel,Jaipur
T0900,C003,CRD03,2026-04-30 20:14:02,537.49,H&M,Shopping,Delhi
T0787,C010,CRD10,2026-04-29 07:32:30,690.44,H&M,Shopping,Ahmedabad
T0778,C006,CRD06,2026-04-30 12:02:34,40550.52,Croma,Electronics,Delhi
T1112,C010,CRD10,2026-04-28 16:02:22,613.32,Zara,Shopping,Ahmedabad
T0138,C007,CRD07,2026-04-30 17:13:52,245.1,Dominos,Food,Kolkata
T0464,C005,CRD05,2026-04-27 22:21:58,1518.38,DMart,Groceries,Mumbai
T0687,C002,CRD02,2026-04-28 13:50:13,11014.99,Apple Store,Electronics,Mumbai
T0191,C004,CRD04,2026-04-28 19:49:04,3102.75,Apple Store,Electronics,Mumbai
T1174,C007,CRD07,2026-04-28 23:45:51,383.54,McDonald's,Food,Kolkata
T0284,C002,CRD02,2026-04-30 13:19:42,167.99,McDonald's,Food,Jaipur
T0258,C007,CRD07,2026-04-29 03:26:19,254.3,Swiggy,Food,Kolkata
T1074,C001,CRD01,2026-04-29 07:07:10,8355.8,Dominos,Food,Jaipur
T0533,C004,CRD04,2026-04-29 04:33:52,1642.94,Reliance Digital,Electronics,Mumbai
T0457,C003,CRD03,2026-04-30 17:34:49,611.48,Zara,Shopping,Delhi
T0580,C009,CRD09,2026-04-29 23:53:15,671.87,Apple Store,Electronics,Bengaluru
T0791,C005,CRD05,2026-05-01 02:05:00,882.76,DMart,Groceries,Pune
T0674,C010,CRD10,2026-05-01 06:37:33,481.87,Zara,Shopping,Ahmedabad
T0334,C007,CRD07,2026-04-28 00:45:58,2063.4,Swiggy,Food,Chennai
T0065,C009,CRD09,2026-04-29 14:41:02,1988.87,Reliance Digital,Electronics,Pune
T0896,C008,CRD08,2026-04-29 14:23:44,48888.53,Reliance Digital,Electronics,Pune
T0222,C001,CRD01,2026-04-28 13:07:37,1189.54,Amazon,E-commerce,Delhi
T0189,C004,CRD04,2026-04-28 20:38:59,815.92,Apple Store,Electronics,Mumbai
T1165,C003,CRD03,2026-04-30 14:25:45,437.64,Zara,Shopping,Delhi
T0439,C003,CRD03,2026-04-30 03:01:29,635.0,H&M,Shopping,Delhi
T0504,C003,CRD03,2026-04-29 19:46:31,4696.16,Louis Vuitton,Luxury,Delhi
T0499,C003,CRD03,2026-04-28 04:33:18,2258.21,Zara,Shopping,Delhi
T0993,C005,CRD05,2026-04-29 15:32:52,744.94,Blinkit,Groceries,Delhi
T0242,C005,CRD05,2026-04-30 12:07:42,799.24,DMart,Groceries,Mumbai
T0919,C004,CRD04,2026-04-29 09:23:46,3797.73,Reliance Digital,Electronics,Pune
T1175,C001,CRD01,2026-04-29 17:06:36,621.92,Meesho,E-commerce,Delhi
T0962,C003,CRD03,2026-04-30 01:39:35,539.1,Zara,Shopping,Delhi
T0623,C009,CRD09,2026-04-29 09:56:03,14464.33,Blinkit,Groceries,Delhi
T0184,C008,CRD08,2026-04-28 21:03:34,33452.13,Reliance Digital,Electronics,Pune
T1025,C007,CRD07,2026-04-30 03:13:16,80.96,Swiggy,Food,Kolkata
T0267,C003,CRD03,2026-04-30 12:45:23,451.63,H&M,Shopping,Delhi
T0071,C008,CRD08,2026-04-28 19:21:30,476.74,Amazon,E-commerce,Delhi
T1039,C009,CRD09,2026-04-30 22:50:12,483.98,Croma,Electronics,Bengaluru
T0299,C003,CRD03,2026-05-01 07:07:49,9382.45,Tiffany,Luxury,Mumbai
T0405,C007,CRD07,2026-04-29 13:38:24,208.05,McDonald's,Food,Kolkata
T0607,C010,CRD10,2026-04-28 08:54:54,331.86,Max Fashion,Shopping,Ahmedabad
T0794,C001,CRD01,2026-04-30 10:59:15,679.35,Meesho,E-commerce,Delhi
T1103,C001,CRD01,2026-04-27 20:27:52,670.94,Flipkart,E-commerce,Mumbai
T0981,C003,CRD03,2026-04-29 11:05:31,306.74,Zara,Shopping,Delhi
T0882,C009,CRD09,2026-04-29 16:23:06,2990.19,Tiffany,Luxury,Mumbai
T0719,C005,CRD05,2026-05-01 06:58:17,849.6,BigBasket,Groceries,Pune
T0172,C006,CRD06,2026-04-30 00:41:06,20500.41,Louis Vuitton,Luxury,Delhi
T0825,C006,CRD06,2026-04-30 16:30:34,831.74,Luxury Brand,Luxury,Chennai
T0998,C005,CRD05,2026-04-30 07:58:22,569.42,BigBasket,Groceries,Pune
T0484,C006,CRD06,2026-04-29 21:03:07,943.17,Reliance Digital,Electronics,Pune
T0915,C002,CRD02,2026-04-30 21:51:10,123.44,McDonald's,Food,Jaipur
T0672,C001,CRD01,2026-04-29 04:00:10,115.09,Flipkart,E-commerce,Delhi
T0099,C010,CRD10,2026-04-30 00:13:27,285.71,Max Fashion,Shopping,Ahmedabad
T0743,C003,CRD03,2026-04-28 21:37:45,4988.02,HPCL,Fuel,Pune
T0040,C001,CRD01,2026-04-28 12:44:27,38823.37,Apple Store,Electronics,Mumbai
T0665,C003,CRD03,2026-04-29 00:04:34,323.57,H&M,Shopping,Mumbai
T1102,C007,CRD07,2026-04-29 07:11:21,341.63,Zomato,Food,Kolkata
T0390,C005,CRD05,2026-04-29 10:02:27,200.63,Blinkit,Groceries,Delhi
T0852,C004,CRD04,2026-04-28 22:47:00,3650.36,Reliance Digital,Electronics,Pune
T1060,C003,CRD03,2026-04-29 17:42:51,175.46,Max Fashion,Shopping,Delhi
T0979,C004,CRD04,2026-04-28 10:14:54,3632.04,Reliance Digital,Electronics,Mumbai
T0931,C005,CRD05,2026-04-30 15:46:16,14564.87,Tiffany,Luxury,Mumbai
T0760,C001,CRD01,2026-04-28 22:51:29,12060.19,PVR Cinemas,Entertainment,Delhi
T0515,C005,CRD05,2026-04-28 19:46:13,432.99,Blinkit,Groceries,Pune
T0578,C006,CRD06,2026-05-01 02:06:50,568.85,Luxury Brand,Luxury,Chennai
T1092,C007,CRD07,2026-04-29 09:58:17,7209.04,Amazon,E-commerce,Delhi
T0257,C008,CRD08,2026-04-30 21:24:36,1701.99,Meesho,E-commerce,Hyderabad
T0058,C005,CRD05,2026-04-30 22:58:07,5259.8,Tiffany,Luxury,Mumbai
T0290,C005,CRD05,2026-04-29 00:02:34,949.84,BigBasket,Groceries,Pune
T0828,C002,CRD02,2026-04-30 11:36:33,8784.5,Apple Store,Electronics,Mumbai
T0941,C005,CRD05,2026-04-28 10:03:43,725.27,DMart,Groceries,Pune
T0012,C006,CRD06,2026-04-30 10:46:27,2365.27,Luxury Brand,Luxury,Bengaluru
T0211,C006,CRD06,2026-04-28 16:17:44,1843.32,Luxury Brand,Luxury,Chennai
T0682,C007,CRD07,2026-04-28 16:30:54,1057.47,Apple Store,Electronics,Jaipur
T0735,C001,CRD01,2026-04-29 02:15:56,6117.27,Reliance Digital,Electronics,Pune
T0123,C010,CRD10,2026-04-30 11:25:50,10007.87,Reliance Digital,Electronics,Pune
T0781,C006,CRD06,2026-05-01 00:01:30,36390.05,Apple Store,Electronics,Mumbai
T0822,C010,CRD10,2026-04-30 11:05:58,3350.69,Apollo Pharmacy,Healthcare,Kolkata
T0745,C001,CRD01,2026-04-30 22:10:13,814.87,Amazon,E-commerce,Delhi
T0496,C010,CRD10,2026-04-30 01:23:34,3263.91,Louis Vuitton,Luxury,Surat
T0651,C002,CRD02,2026-04-29 12:41:18,59.23,Swiggy,Food,Jaipur
T0708,C007,CRD07,2026-04-29 09:25:03,136.32,Dominos,Food,Jaipur
T0765,C010,CRD10,2026-04-30 16:39:28,231.9,H&M,Shopping,Ahmedabad
T0695,C005,CRD05,2026-05-01 07:06:29,797.97,DMart,Groceries,Pune
T0885,C003,CRD03,2026-04-28 11:18:22,268.11,Zara,Shopping,Delhi
T0696,C005,CRD05,2026-04-29 21:25:40,1047.18,Dominos,Food,Jaipur
T0975,C008,CRD08,2026-04-28 18:13:07,34092.85,Tiffany,Luxury,Mumbai
T1001,C008,CRD08,2026-05-01 05:25:10,135.5,Amazon,E-commerce,Hyderabad
T1128,C004,CRD04,2026-04-27 21:36:04,2389.8,Croma,Electronics,Delhi
T1071,C008,CRD08,2026-04-28 10:03:36,586.18,Flipkart,E-commerce,Mumbai
T0775,C005,CRD05,2026-04-28 20:39:33,96.16,DMart,Groceries,Pune
T1127,C003,CRD03,2026-04-28 22:12:47,11194.59,Tiffany,Luxury,Mumbai
T1075,C005,CRD05,2026-04-29 02:29:08,667.53,DMart,Groceries,Mumbai
T0438,C006,CRD06,2026-04-30 16:38:45,962.7,Louis Vuitton,Luxury,Chennai
T1172,C002,CRD02,2026-04-30 19:58:18,5617.6,Apple Store,Electronics,Mumbai
T0091,C006,CRD06,2026-04-30 06:38:17,298.02,Tiffany,Luxury,Mumbai
T0020,C002,CRD02,2026-04-28 20:14:34,258.56,Dominos,Food,Jaipur
T0550,C006,CRD06,2026-04-30 15:22:02,3608.59,1mg,Healthcare,Lucknow
T0131,C007,CRD07,2026-04-28 01:33:04,466.11,Dominos,Food,Jaipur
T0025,C008,CRD08,2026-05-01 03:50:35,519.7,Meesho,E-commerce,Hyderabad
T0212,C005,CRD05,2026-04-29 21:51:08,252.05,BigBasket,Groceries,Pune
T0999,C007,CRD07,2026-04-28 05:57:45,175.29,Zomato,Food,Mumbai
T0984,C005,CRD05,2026-04-28 21:49:28,11223.47,Apple Store,Electronics,Mumbai
T0486,C005,CRD05,2026-04-30 09:53:51,8932.33,Luxury Brand,Luxury,Bengaluru
T0066,C005,CRD05,2026-04-30 20:20:59,577.79,BigBasket,Groceries,Pune
T0706,C009,CRD09,2026-04-29 13:03:58,2367.35,Reliance Digital,Electronics,Bengaluru
T0137,C001,CRD01,2026-04-30 17:37:42,428.51,Meesho,E-commerce,Delhi
T0572,C009,CRD09,2026-04-30 11:56:26,2257.78,Reliance Digital,Electronics,Bengaluru
T0261,C006,CRD06,2026-04-29 10:28:37,1225.18,Louis Vuitton,Luxury,Chennai
T0779,C002,CRD02,2026-05-01 02:42:09,7633.58,Tiffany,Luxury,Mumbai
T0181,C010,CRD10,2026-04-29 04:28:36,124.3,Zara,Shopping,Ahmedabad
T0606,C010,CRD10,2026-04-30 23:46:25,491.79,Zara,Shopping,Ahmedabad
T0169,C009,CRD09,2026-04-28 23:57:49,40335.9,Croma,Electronics,Delhi
T0346,C010,CRD10,2026-04-28 16:01:07,465.53,H&M,Shopping,Ahmedabad
T1184,C007,CRD07,2026-04-29 04:47:21,1187.92,H&M,Shopping,Bengaluru
T0908,C002,CRD02,2026-04-30 15:22:49,108.5,Dominos,Food,Jaipur
T0843,C007,CRD07,2026-05-01 06:52:15,541.99,McDonald's,Food,Kolkata
T0537,C008,CRD08,2026-04-28 04:32:52,1062.72,Myntra,E-commerce,Bengaluru
T0398,C007,CRD07,2026-04-28 18:21:44,356.51,Dominos,Food,Kolkata
T0380,C006,CRD06,2026-04-27 20:31:25,2957.92,Louis Vuitton,Luxury,Delhi
T0126,C007,CRD07,2026-04-30 03:57:14,190.89,McDonald's,Food,Delhi
T0417,C005,CRD05,2026-04-29 23:49:44,763.9,BigBasket,Groceries,Pune
T0386,C006,CRD06,2026-04-30 17:42:32,7673.37,BPCL,Fuel,Delhi
T0441,C009,CRD09,2026-05-01 02:06:21,70790.31,Reliance Digital,Electronics,Pune
T0928,C001,CRD01,2026-04-28 02:10:52,445.73,Amazon,E-commerce,Delhi
T0231,C008,CRD08,2026-04-30 23:01:12,1961.05,Myntra,E-commerce,Hyderabad
T1035,C009,CRD09,2026-04-28 19:38:00,378.05,Reliance Digital,Electronics,Bengaluru
T0378,C010,CRD10,2026-04-30 22:39:23,868.33,MakeMyTrip,Travel,Nagpur
T1002,C010,CRD10,2026-04-27 21:01:27,475.03,Max Fashion,Shopping,Kolkata
T0411,C002,CRD02,2026-05-01 06:52:17,176.04,Swiggy,Food,Jaipur
T0281,C003,CRD03,2026-04-27 22:19:56,2816.17,Zara,Shopping,Delhi
T0387,C006,CRD06,2026-04-29 08:55:14,13465.24,PVR Cinemas,Entertainment,Delhi
T0773,C005,CRD05,2026-04-30 16:20:33,299.01,DMart,Groceries,Pune
T0367,C002,CRD02,2026-04-30 21:31:49,256.56,Zomato,Food,Mumbai
T0355,C006,CRD06,2026-04-30 04:43:27,2322.01,Louis Vuitton,Luxury,Chennai
T0888,C006,CRD06,2026-05-01 06:25:34,744.56,Tiffany,Luxury,Chennai
T0596,C009,CRD09,2026-04-30 19:12:58,70.78,Croma,Electronics,Delhi
T0859,C003,CRD03,2026-04-28 22:21:01,68.94,Zara,Shopping,Delhi
T1081,C003,CRD03,2026-04-29 13:23:02,511.9,Max Fashion,Shopping,Delhi
T0861,C004,CRD04,2026-04-30 04:18:32,14566.97,Louis Vuitton,Luxury,Delhi
T0149,C005,CRD05,2026-04-29 08:30:43,19574.73,Apple Store,Electronics,Mumbai
T0204,C004,CRD04,2026-04-30 15:22:01,1218.38,Apple Store,Electronics,Mumbai
T0009,C001,CRD01,2026-04-28 19:57:04,16459.41,Luxury Brand,Luxury,Bengaluru
T1013,C006,CRD06,2026-04-28 14:25:15,1137.77,Luxury Brand,Luxury,Chennai
T0350,C010,CRD10,2026-05-01 07:59:54,537.23,Max Fashion,Shopping,Ahmedabad
T0019,C007,CRD07,2026-05-01 07:56:58,74.03,Swiggy,Food,Kolkata
T1187,C003,CRD03,2026-04-28 00:57:45,785.3,Zara,Shopping,Delhi
T0821,C005,CRD05,2026-04-28 09:47:26,810.27,Blinkit,Groceries,Pune
T0435,C008,CRD08,2026-04-28 11:09:20,4779.02,Blinkit,Groceries,Delhi
T0556,C001,CRD01,2026-04-29 02:45:42,1462.8,Myntra,E-commerce,Bengaluru
T0298,C001,CRD01,2026-04-28 06:39:03,621.95,Myntra,E-commerce,Bengaluru
T0711,C010,CRD10,2026-04-28 06:50:56,2432.41,Max Fashion,Shopping,Kolkata
T1178,C003,CRD03,2026-04-30 06:41:27,443.16,H&M,Shopping,Mumbai
T0229,C002,CRD02,2026-04-28 14:19:49,4703.25,Reliance Digital,Electronics,Pune
T0188,C002,CRD02,2026-04-30 02:57:00,311.03,Swiggy,Food,Chennai
T0848,C008,CRD08,2026-04-28 23:30:53,1348.42,PVR Cinemas,Entertainment,Kolkata
T0636,C003,CRD03,2026-04-28 17:13:28,56.97,H&M,Shopping,Delhi
T0789,C001,CRD01,2026-04-30 19:46:12,1074.37,Amazon,E-commerce,Delhi
T1097,C010,CRD10,2026-04-30 03:35:54,811.67,Apollo Pharmacy,Healthcare,Mumbai
T1031,C002,CRD02,2026-04-28 17:29:51,4008.72,Medplus,Healthcare,Mumbai
T0624,C008,CRD08,2026-04-28 02:31:17,1720.03,Amazon,E-commerce,Delhi
T0523,C001,CRD01,2026-04-28 18:39:01,728.46,Meesho,E-commerce,Delhi
T0880,C001,CRD01,2026-04-28 13:27:47,855.41,Flipkart,E-commerce,Mumbai
T0345,C007,CRD07,2026-04-30 16:44:23,302.86,McDonald's,Food,Kolkata
T0872,C006,CRD06,2026-04-28 16:22:51,5813.28,Meesho,E-commerce,Jaipur
T0392,C001,CRD01,2026-04-28 14:13:55,1128.18,Myntra,E-commerce,Delhi
T1067,C008,CRD08,2026-04-28 19:29:56,3193.23,Reliance Digital,Electronics,Lucknow
T0170,C008,CRD08,2026-04-30 12:52:22,779.89,Meesho,E-commerce,Hyderabad
T0820,C002,CRD02,2026-04-28 15:08:46,303.84,Swiggy,Food,Jaipur
T0793,C009,CRD09,2026-04-27 20:14:03,2597.62,Apple Store,Electronics,Mumbai
